                                      1 ;--------------------------------------------------------
                                      2 ; File Created by SDCC : free open source ISO C Compiler
                                      3 ; Version 4.5.0 #15242 (MINGW64)
                                      4 ;--------------------------------------------------------
                                      5 	.module oled
                                      6 	
                                      7 ;--------------------------------------------------------
                                      8 ; Public variables in this module
                                      9 ;--------------------------------------------------------
                                     10 	.globl _i2c_send_addr
                                     11 	.globl _i2c_write
                                     12 	.globl _i2c_stop
                                     13 	.globl _i2c_start
                                     14 	.globl _delay_ms
                                     15 	.globl _oled_init
                                     16 	.globl _oled_deinit
                                     17 	.globl _oled_clear
                                     18 	.globl _oled_clear_page
                                     19 	.globl _oled_update
                                     20 	.globl _oled_set_pixel
                                     21 	.globl _oled_draw_line
                                     22 	.globl _oled_draw_rect
                                     23 	.globl _oled_fill_rect
                                     24 	.globl _oled_gotoxy
                                     25 	.globl _oled_putc
                                     26 	.globl _oled_puts
                                     27 	.globl _oled_puts_at
                                     28 	.globl _oled_set_font
                                     29 	.globl _oled_set_contrast
                                     30 	.globl _oled_invert
                                     31 	.globl _oled_normal
                                     32 	.globl _oled_scroll_left
                                     33 	.globl _oled_scroll_right
                                     34 	.globl _oled_scroll_stop
                                     35 	.globl _oled_print_number
                                     36 	.globl _oled_print_hex
                                     37 ;--------------------------------------------------------
                                     38 ; ram data
                                     39 ;--------------------------------------------------------
                                     40 	.area DATA
      000000                         41 _oled_buffer:
      000000                         42 	.ds 512
                                     43 ;--------------------------------------------------------
                                     44 ; ram data
                                     45 ;--------------------------------------------------------
                                     46 	.area INITIALIZED
      000000                         47 _oled_cursor_x:
      000000                         48 	.ds 1
      000001                         49 _oled_cursor_y:
      000001                         50 	.ds 1
      000002                         51 _oled_current_font:
      000002                         52 	.ds 1
                                     53 ;--------------------------------------------------------
                                     54 ; absolute external ram data
                                     55 ;--------------------------------------------------------
                                     56 	.area DABS (ABS)
                                     57 
                                     58 ; default segment ordering for linker
                                     59 	.area HOME
                                     60 	.area GSINIT
                                     61 	.area GSFINAL
                                     62 	.area CONST
                                     63 	.area INITIALIZER
                                     64 	.area CODE
                                     65 
                                     66 ;--------------------------------------------------------
                                     67 ; global & static initialisations
                                     68 ;--------------------------------------------------------
                                     69 	.area HOME
                                     70 	.area GSINIT
                                     71 	.area GSFINAL
                                     72 	.area GSINIT
                                     73 ;--------------------------------------------------------
                                     74 ; Home
                                     75 ;--------------------------------------------------------
                                     76 	.area HOME
                                     77 	.area HOME
                                     78 ;--------------------------------------------------------
                                     79 ; code
                                     80 ;--------------------------------------------------------
                                     81 	.area CODE
                                     82 ;	lib/oled.c: 120: static void oled_write_cmd(unsigned char cmd)
                                     83 ;	-----------------------------------------
                                     84 ;	 function oled_write_cmd
                                     85 ;	-----------------------------------------
      000000                         86 _oled_write_cmd:
      000000 88               [ 1]   87 	push	a
      000001 6B 01            [ 1]   88 	ld	(0x01, sp), a
                                     89 ;	lib/oled.c: 122: i2c_start();
      000003 CDr00r00         [ 4]   90 	call	_i2c_start
                                     91 ;	lib/oled.c: 123: i2c_send_addr(OLED_ADDR);
      000006 A6 78            [ 1]   92 	ld	a, #0x78
      000008 CDr00r00         [ 4]   93 	call	_i2c_send_addr
                                     94 ;	lib/oled.c: 124: i2c_write(0x00);  // Command mode
      00000B 4F               [ 1]   95 	clr	a
      00000C CDr00r00         [ 4]   96 	call	_i2c_write
                                     97 ;	lib/oled.c: 125: i2c_write(cmd);
      00000F 7B 01            [ 1]   98 	ld	a, (0x01, sp)
      000011 CDr00r00         [ 4]   99 	call	_i2c_write
                                    100 ;	lib/oled.c: 126: i2c_stop();
      000014 84               [ 1]  101 	pop	a
      000015 CCr00r00         [ 2]  102 	jp	_i2c_stop
                                    103 ;	lib/oled.c: 127: }
      000018 84               [ 1]  104 	pop	a
      000019 81               [ 4]  105 	ret
                                    106 ;	lib/oled.c: 129: static void oled_write_cmd_multi(unsigned char* cmds, unsigned char len)
                                    107 ;	-----------------------------------------
                                    108 ;	 function oled_write_cmd_multi
                                    109 ;	-----------------------------------------
      00001A                        110 _oled_write_cmd_multi:
      00001A 52 04            [ 2]  111 	sub	sp, #4
      00001C 1F 02            [ 2]  112 	ldw	(0x02, sp), x
      00001E 6B 01            [ 1]  113 	ld	(0x01, sp), a
                                    114 ;	lib/oled.c: 132: i2c_start();
      000020 CDr00r00         [ 4]  115 	call	_i2c_start
                                    116 ;	lib/oled.c: 133: i2c_send_addr(OLED_ADDR);
      000023 A6 78            [ 1]  117 	ld	a, #0x78
      000025 CDr00r00         [ 4]  118 	call	_i2c_send_addr
                                    119 ;	lib/oled.c: 134: i2c_write(0x00);
      000028 4F               [ 1]  120 	clr	a
      000029 CDr00r00         [ 4]  121 	call	_i2c_write
                                    122 ;	lib/oled.c: 135: for(i = 0; i < len; i++) {
      00002C 0F 04            [ 1]  123 	clr	(0x04, sp)
      00002E                        124 00103$:
      00002E 7B 04            [ 1]  125 	ld	a, (0x04, sp)
      000030 11 01            [ 1]  126 	cp	a, (0x01, sp)
      000032 24 0F            [ 1]  127 	jrnc	00101$
                                    128 ;	lib/oled.c: 136: i2c_write(cmds[i]);
      000034 5F               [ 1]  129 	clrw	x
      000035 7B 04            [ 1]  130 	ld	a, (0x04, sp)
      000037 97               [ 1]  131 	ld	xl, a
      000038 72 FB 02         [ 2]  132 	addw	x, (0x02, sp)
      00003B F6               [ 1]  133 	ld	a, (x)
      00003C CDr00r00         [ 4]  134 	call	_i2c_write
                                    135 ;	lib/oled.c: 135: for(i = 0; i < len; i++) {
      00003F 0C 04            [ 1]  136 	inc	(0x04, sp)
      000041 20 EB            [ 2]  137 	jra	00103$
      000043                        138 00101$:
                                    139 ;	lib/oled.c: 138: i2c_stop();
      000043 5B 04            [ 2]  140 	addw	sp, #4
                                    141 ;	lib/oled.c: 139: }
      000045 CCr00r00         [ 2]  142 	jp	_i2c_stop
                                    143 ;	lib/oled.c: 141: static void oled_send_buffer(void)
                                    144 ;	-----------------------------------------
                                    145 ;	 function oled_send_buffer
                                    146 ;	-----------------------------------------
      000048                        147 _oled_send_buffer:
      000048 52 04            [ 2]  148 	sub	sp, #4
                                    149 ;	lib/oled.c: 145: for(page = 0; page < OLED_PAGES; page++) {
      00004A 0F 03            [ 1]  150 	clr	(0x03, sp)
      00004C                        151 00105$:
                                    152 ;	lib/oled.c: 147: oled_write_cmd(0xB0 | page);
      00004C 7B 03            [ 1]  153 	ld	a, (0x03, sp)
      00004E AA B0            [ 1]  154 	or	a, #0xb0
      000050 CDr00r00         [ 4]  155 	call	_oled_write_cmd
                                    156 ;	lib/oled.c: 148: oled_write_cmd(0x00);  // Low column
      000053 4F               [ 1]  157 	clr	a
      000054 CDr00r00         [ 4]  158 	call	_oled_write_cmd
                                    159 ;	lib/oled.c: 149: oled_write_cmd(0x10);  // High column
      000057 A6 10            [ 1]  160 	ld	a, #0x10
      000059 CDr00r00         [ 4]  161 	call	_oled_write_cmd
                                    162 ;	lib/oled.c: 152: i2c_start();
      00005C CDr00r00         [ 4]  163 	call	_i2c_start
                                    164 ;	lib/oled.c: 153: i2c_send_addr(OLED_ADDR);
      00005F A6 78            [ 1]  165 	ld	a, #0x78
      000061 CDr00r00         [ 4]  166 	call	_i2c_send_addr
                                    167 ;	lib/oled.c: 154: i2c_write(0x40);  // Data mode
      000064 A6 40            [ 1]  168 	ld	a, #0x40
      000066 CDr00r00         [ 4]  169 	call	_i2c_write
                                    170 ;	lib/oled.c: 156: for(col = 0; col < OLED_WIDTH; col++) {
      000069 0F 04            [ 1]  171 	clr	(0x04, sp)
      00006B                        172 00103$:
                                    173 ;	lib/oled.c: 157: i2c_write(oled_buffer[page * OLED_WIDTH + col]);
      00006B 5F               [ 1]  174 	clrw	x
      00006C 7B 03            [ 1]  175 	ld	a, (0x03, sp)
      00006E 97               [ 1]  176 	ld	xl, a
      00006F 58               [ 2]  177 	sllw	x
      000070 58               [ 2]  178 	sllw	x
      000071 58               [ 2]  179 	sllw	x
      000072 58               [ 2]  180 	sllw	x
      000073 58               [ 2]  181 	sllw	x
      000074 58               [ 2]  182 	sllw	x
      000075 58               [ 2]  183 	sllw	x
      000076 7B 04            [ 1]  184 	ld	a, (0x04, sp)
      000078 6B 02            [ 1]  185 	ld	(0x02, sp), a
      00007A 0F 01            [ 1]  186 	clr	(0x01, sp)
      00007C 72 FB 01         [ 2]  187 	addw	x, (0x01, sp)
      00007F D6u00u00         [ 1]  188 	ld	a, (_oled_buffer+0, x)
      000082 CDr00r00         [ 4]  189 	call	_i2c_write
                                    190 ;	lib/oled.c: 156: for(col = 0; col < OLED_WIDTH; col++) {
      000085 0C 04            [ 1]  191 	inc	(0x04, sp)
      000087 7B 04            [ 1]  192 	ld	a, (0x04, sp)
      000089 A1 80            [ 1]  193 	cp	a, #0x80
      00008B 25 DE            [ 1]  194 	jrc	00103$
                                    195 ;	lib/oled.c: 159: i2c_stop();
      00008D CDr00r00         [ 4]  196 	call	_i2c_stop
                                    197 ;	lib/oled.c: 145: for(page = 0; page < OLED_PAGES; page++) {
      000090 0C 03            [ 1]  198 	inc	(0x03, sp)
      000092 7B 03            [ 1]  199 	ld	a, (0x03, sp)
      000094 A1 04            [ 1]  200 	cp	a, #0x04
      000096 25 B4            [ 1]  201 	jrc	00105$
                                    202 ;	lib/oled.c: 161: }
      000098 5B 04            [ 2]  203 	addw	sp, #4
      00009A 81               [ 4]  204 	ret
                                    205 ;	lib/oled.c: 166: void oled_init(void)
                                    206 ;	-----------------------------------------
                                    207 ;	 function oled_init
                                    208 ;	-----------------------------------------
      00009B                        209 _oled_init:
      00009B 52 19            [ 2]  210 	sub	sp, #25
                                    211 ;	lib/oled.c: 168: delay_ms(100);
      00009D AE 00 64         [ 2]  212 	ldw	x, #0x0064
      0000A0 CDr00r00         [ 4]  213 	call	_delay_ms
                                    214 ;	lib/oled.c: 170: unsigned char init_cmds[] = {
      0000A3 96               [ 1]  215 	ldw	x, sp
      0000A4 5C               [ 1]  216 	incw	x
      0000A5 A6 AE            [ 1]  217 	ld	a, #0xae
      0000A7 F7               [ 1]  218 	ld	(x), a
      0000A8 A6 D5            [ 1]  219 	ld	a, #0xd5
      0000AA 6B 02            [ 1]  220 	ld	(0x02, sp), a
      0000AC A6 80            [ 1]  221 	ld	a, #0x80
      0000AE 6B 03            [ 1]  222 	ld	(0x03, sp), a
      0000B0 A6 A8            [ 1]  223 	ld	a, #0xa8
      0000B2 6B 04            [ 1]  224 	ld	(0x04, sp), a
      0000B4 A6 1F            [ 1]  225 	ld	a, #0x1f
      0000B6 6B 05            [ 1]  226 	ld	(0x05, sp), a
      0000B8 A6 D3            [ 1]  227 	ld	a, #0xd3
      0000BA 6B 06            [ 1]  228 	ld	(0x06, sp), a
      0000BC 0F 07            [ 1]  229 	clr	(0x07, sp)
      0000BE A6 40            [ 1]  230 	ld	a, #0x40
      0000C0 6B 08            [ 1]  231 	ld	(0x08, sp), a
      0000C2 A6 8D            [ 1]  232 	ld	a, #0x8d
      0000C4 6B 09            [ 1]  233 	ld	(0x09, sp), a
      0000C6 A6 14            [ 1]  234 	ld	a, #0x14
      0000C8 6B 0A            [ 1]  235 	ld	(0x0a, sp), a
      0000CA A6 20            [ 1]  236 	ld	a, #0x20
      0000CC 6B 0B            [ 1]  237 	ld	(0x0b, sp), a
      0000CE 0F 0C            [ 1]  238 	clr	(0x0c, sp)
      0000D0 A6 A1            [ 1]  239 	ld	a, #0xa1
      0000D2 6B 0D            [ 1]  240 	ld	(0x0d, sp), a
      0000D4 A6 C8            [ 1]  241 	ld	a, #0xc8
      0000D6 6B 0E            [ 1]  242 	ld	(0x0e, sp), a
      0000D8 A6 DA            [ 1]  243 	ld	a, #0xda
      0000DA 6B 0F            [ 1]  244 	ld	(0x0f, sp), a
      0000DC A6 02            [ 1]  245 	ld	a, #0x02
      0000DE 6B 10            [ 1]  246 	ld	(0x10, sp), a
      0000E0 A6 81            [ 1]  247 	ld	a, #0x81
      0000E2 6B 11            [ 1]  248 	ld	(0x11, sp), a
      0000E4 A6 CF            [ 1]  249 	ld	a, #0xcf
      0000E6 6B 12            [ 1]  250 	ld	(0x12, sp), a
      0000E8 A6 D9            [ 1]  251 	ld	a, #0xd9
      0000EA 6B 13            [ 1]  252 	ld	(0x13, sp), a
      0000EC A6 F1            [ 1]  253 	ld	a, #0xf1
      0000EE 6B 14            [ 1]  254 	ld	(0x14, sp), a
      0000F0 A6 DB            [ 1]  255 	ld	a, #0xdb
      0000F2 6B 15            [ 1]  256 	ld	(0x15, sp), a
      0000F4 A6 40            [ 1]  257 	ld	a, #0x40
      0000F6 6B 16            [ 1]  258 	ld	(0x16, sp), a
      0000F8 A6 A4            [ 1]  259 	ld	a, #0xa4
      0000FA 6B 17            [ 1]  260 	ld	(0x17, sp), a
      0000FC A6 A6            [ 1]  261 	ld	a, #0xa6
      0000FE 6B 18            [ 1]  262 	ld	(0x18, sp), a
      000100 A6 AF            [ 1]  263 	ld	a, #0xaf
      000102 6B 19            [ 1]  264 	ld	(0x19, sp), a
                                    265 ;	lib/oled.c: 189: oled_write_cmd_multi(init_cmds, sizeof(init_cmds));
      000104 A6 19            [ 1]  266 	ld	a, #0x19
      000106 CDr00r1A         [ 4]  267 	call	_oled_write_cmd_multi
                                    268 ;	lib/oled.c: 192: oled_clear();
      000109 CDr01r14         [ 4]  269 	call	_oled_clear
                                    270 ;	lib/oled.c: 193: }
      00010C 5B 19            [ 2]  271 	addw	sp, #25
      00010E 81               [ 4]  272 	ret
                                    273 ;	lib/oled.c: 195: void oled_deinit(void)
                                    274 ;	-----------------------------------------
                                    275 ;	 function oled_deinit
                                    276 ;	-----------------------------------------
      00010F                        277 _oled_deinit:
                                    278 ;	lib/oled.c: 197: oled_write_cmd(0xAE);  // Display OFF
      00010F A6 AE            [ 1]  279 	ld	a, #0xae
                                    280 ;	lib/oled.c: 198: }
      000111 CCr00r00         [ 2]  281 	jp	_oled_write_cmd
                                    282 ;	lib/oled.c: 200: void oled_clear(void)
                                    283 ;	-----------------------------------------
                                    284 ;	 function oled_clear
                                    285 ;	-----------------------------------------
      000114                        286 _oled_clear:
                                    287 ;	lib/oled.c: 203: for(i = 0; i < sizeof(oled_buffer); i++) {
      000114 90 5F            [ 1]  288 	clrw	y
      000116                        289 00102$:
                                    290 ;	lib/oled.c: 204: oled_buffer[i] = 0x00;
      000116 93               [ 1]  291 	ldw	x, y
      000117 72 4Fu00u00      [ 1]  292 	clr	((_oled_buffer+0), x)
                                    293 ;	lib/oled.c: 203: for(i = 0; i < sizeof(oled_buffer); i++) {
      00011B 90 5C            [ 1]  294 	incw	y
      00011D 93               [ 1]  295 	ldw	x, y
      00011E A3 02 00         [ 2]  296 	cpw	x, #0x0200
      000121 25 F3            [ 1]  297 	jrc	00102$
                                    298 ;	lib/oled.c: 206: oled_send_buffer();
                                    299 ;	lib/oled.c: 207: }
      000123 CCr00r48         [ 2]  300 	jp	_oled_send_buffer
                                    301 ;	lib/oled.c: 209: void oled_clear_page(unsigned char page)
                                    302 ;	-----------------------------------------
                                    303 ;	 function oled_clear_page
                                    304 ;	-----------------------------------------
      000126                        305 _oled_clear_page:
      000126 52 02            [ 2]  306 	sub	sp, #2
                                    307 ;	lib/oled.c: 212: if(page >= OLED_PAGES) return;
      000128 90 97            [ 1]  308 	ld	yl, a
      00012A A1 04            [ 1]  309 	cp	a, #0x04
                                    310 ;	lib/oled.c: 214: for(col = 0; col < OLED_WIDTH; col++) {
      00012C 24 4B            [ 1]  311 	jrnc	00109$
      00012E 4F               [ 1]  312 	clr	a
      00012F                        313 00105$:
                                    314 ;	lib/oled.c: 215: oled_buffer[page * OLED_WIDTH + col] = 0x00;
      00012F 5F               [ 1]  315 	clrw	x
      000130 41               [ 1]  316 	exg	a, xl
      000131 90 9F            [ 1]  317 	ld	a, yl
      000133 41               [ 1]  318 	exg	a, xl
      000134 58               [ 2]  319 	sllw	x
      000135 58               [ 2]  320 	sllw	x
      000136 58               [ 2]  321 	sllw	x
      000137 58               [ 2]  322 	sllw	x
      000138 58               [ 2]  323 	sllw	x
      000139 58               [ 2]  324 	sllw	x
      00013A 58               [ 2]  325 	sllw	x
      00013B 6B 02            [ 1]  326 	ld	(0x02, sp), a
      00013D 0F 01            [ 1]  327 	clr	(0x01, sp)
      00013F 72 FB 01         [ 2]  328 	addw	x, (0x01, sp)
      000142 72 4Fu00u00      [ 1]  329 	clr	((_oled_buffer+0), x)
                                    330 ;	lib/oled.c: 214: for(col = 0; col < OLED_WIDTH; col++) {
      000146 4C               [ 1]  331 	inc	a
      000147 A1 80            [ 1]  332 	cp	a, #0x80
      000149 25 E4            [ 1]  333 	jrc	00105$
                                    334 ;	lib/oled.c: 219: oled_write_cmd(0xB0 | page);
      00014B 90 9F            [ 1]  335 	ld	a, yl
      00014D AA B0            [ 1]  336 	or	a, #0xb0
      00014F CDr00r00         [ 4]  337 	call	_oled_write_cmd
                                    338 ;	lib/oled.c: 220: oled_write_cmd(0x00);
      000152 4F               [ 1]  339 	clr	a
      000153 CDr00r00         [ 4]  340 	call	_oled_write_cmd
                                    341 ;	lib/oled.c: 221: oled_write_cmd(0x10);
      000156 A6 10            [ 1]  342 	ld	a, #0x10
      000158 CDr00r00         [ 4]  343 	call	_oled_write_cmd
                                    344 ;	lib/oled.c: 223: i2c_start();
      00015B CDr00r00         [ 4]  345 	call	_i2c_start
                                    346 ;	lib/oled.c: 224: i2c_send_addr(OLED_ADDR);
      00015E A6 78            [ 1]  347 	ld	a, #0x78
      000160 CDr00r00         [ 4]  348 	call	_i2c_send_addr
                                    349 ;	lib/oled.c: 225: i2c_write(0x40);
      000163 A6 40            [ 1]  350 	ld	a, #0x40
      000165 CDr00r00         [ 4]  351 	call	_i2c_write
                                    352 ;	lib/oled.c: 226: for(col = 0; col < OLED_WIDTH; col++) {
      000168 4F               [ 1]  353 	clr	a
      000169                        354 00107$:
                                    355 ;	lib/oled.c: 227: i2c_write(0x00);
      000169 88               [ 1]  356 	push	a
      00016A 4F               [ 1]  357 	clr	a
      00016B CDr00r00         [ 4]  358 	call	_i2c_write
      00016E 84               [ 1]  359 	pop	a
                                    360 ;	lib/oled.c: 226: for(col = 0; col < OLED_WIDTH; col++) {
      00016F 4C               [ 1]  361 	inc	a
      000170 A1 80            [ 1]  362 	cp	a, #0x80
      000172 25 F5            [ 1]  363 	jrc	00107$
                                    364 ;	lib/oled.c: 229: i2c_stop();
      000174 5B 02            [ 2]  365 	addw	sp, #2
      000176 CCr00r00         [ 2]  366 	jp	_i2c_stop
      000179                        367 00109$:
                                    368 ;	lib/oled.c: 230: }
      000179 5B 02            [ 2]  369 	addw	sp, #2
      00017B 81               [ 4]  370 	ret
                                    371 ;	lib/oled.c: 232: void oled_update(void)
                                    372 ;	-----------------------------------------
                                    373 ;	 function oled_update
                                    374 ;	-----------------------------------------
      00017C                        375 _oled_update:
                                    376 ;	lib/oled.c: 234: oled_send_buffer();
                                    377 ;	lib/oled.c: 235: }
      00017C CCr00r48         [ 2]  378 	jp	_oled_send_buffer
                                    379 ;	lib/oled.c: 237: void oled_set_pixel(unsigned char x, unsigned char y, unsigned char color)
                                    380 ;	-----------------------------------------
                                    381 ;	 function oled_set_pixel
                                    382 ;	-----------------------------------------
      00017F                        383 _oled_set_pixel:
      00017F 52 04            [ 2]  384 	sub	sp, #4
                                    385 ;	lib/oled.c: 241: if(x >= OLED_WIDTH || y >= OLED_HEIGHT) return;
      000181 90 97            [ 1]  386 	ld	yl, a
      000183 A1 80            [ 1]  387 	cp	a, #0x80
      000185 24 4B            [ 1]  388 	jrnc	00107$
      000187 7B 07            [ 1]  389 	ld	a, (0x07, sp)
      000189 A1 20            [ 1]  390 	cp	a, #0x20
      00018B 24 45            [ 1]  391 	jrnc	00107$
                                    392 ;	lib/oled.c: 243: page = y / 8;
      00018D 7B 07            [ 1]  393 	ld	a, (0x07, sp)
      00018F 88               [ 1]  394 	push	a
      000190 5F               [ 1]  395 	clrw	x
      000191 97               [ 1]  396 	ld	xl, a
      000192 A6 08            [ 1]  397 	ld	a, #0x08
      000194 62               [ 2]  398 	div	x, a
      000195 84               [ 1]  399 	pop	a
                                    400 ;	lib/oled.c: 244: bit = y % 8;
      000196 A4 07            [ 1]  401 	and	a, #0x07
      000198 6B 04            [ 1]  402 	ld	(0x04, sp), a
                                    403 ;	lib/oled.c: 247: oled_buffer[page * OLED_WIDTH + x] |= (1 << bit);
      00019A 4F               [ 1]  404 	clr	a
      00019B 95               [ 1]  405 	ld	xh, a
      00019C 4F               [ 1]  406 	clr	a
      00019D 90 95            [ 1]  407 	ld	yh, a
      00019F A6 01            [ 1]  408 	ld	a, #0x01
      0001A1 6B 03            [ 1]  409 	ld	(0x03, sp), a
      0001A3 7B 04            [ 1]  410 	ld	a, (0x04, sp)
      0001A5 27 05            [ 1]  411 	jreq	00126$
      0001A7                        412 00125$:
      0001A7 08 03            [ 1]  413 	sll	(0x03, sp)
      0001A9 4A               [ 1]  414 	dec	a
      0001AA 26 FB            [ 1]  415 	jrne	00125$
      0001AC                        416 00126$:
      0001AC 58               [ 2]  417 	sllw	x
      0001AD 58               [ 2]  418 	sllw	x
      0001AE 58               [ 2]  419 	sllw	x
      0001AF 58               [ 2]  420 	sllw	x
      0001B0 58               [ 2]  421 	sllw	x
      0001B1 58               [ 2]  422 	sllw	x
      0001B2 58               [ 2]  423 	sllw	x
      0001B3 1F 01            [ 2]  424 	ldw	(0x01, sp), x
      0001B5 93               [ 1]  425 	ldw	x, y
      0001B6 72 FB 01         [ 2]  426 	addw	x, (0x01, sp)
                                    427 ;	lib/oled.c: 246: if(color) {
      0001B9 0D 08            [ 1]  428 	tnz	(0x08, sp)
      0001BB 27 09            [ 1]  429 	jreq	00105$
                                    430 ;	lib/oled.c: 247: oled_buffer[page * OLED_WIDTH + x] |= (1 << bit);
      0001BD 1Cr00r00         [ 2]  431 	addw	x, #(_oled_buffer+0)
      0001C0 F6               [ 1]  432 	ld	a, (x)
      0001C1 1A 03            [ 1]  433 	or	a, (0x03, sp)
      0001C3 F7               [ 1]  434 	ld	(x), a
      0001C4 20 0C            [ 2]  435 	jra	00107$
      0001C6                        436 00105$:
                                    437 ;	lib/oled.c: 249: oled_buffer[page * OLED_WIDTH + x] &= ~(1 << bit);
      0001C6 1Cr00r00         [ 2]  438 	addw	x, #(_oled_buffer+0)
      0001C9 F6               [ 1]  439 	ld	a, (x)
      0001CA 6B 04            [ 1]  440 	ld	(0x04, sp), a
      0001CC 7B 03            [ 1]  441 	ld	a, (0x03, sp)
      0001CE 43               [ 1]  442 	cpl	a
      0001CF 14 04            [ 1]  443 	and	a, (0x04, sp)
      0001D1 F7               [ 1]  444 	ld	(x), a
      0001D2                        445 00107$:
                                    446 ;	lib/oled.c: 251: }
      0001D2 1E 05            [ 2]  447 	ldw	x, (5, sp)
      0001D4 5B 08            [ 2]  448 	addw	sp, #8
      0001D6 FC               [ 2]  449 	jp	(x)
                                    450 ;	lib/oled.c: 253: void oled_draw_line(unsigned char x1, unsigned char y1, unsigned char x2, unsigned char y2, unsigned char color)
                                    451 ;	-----------------------------------------
                                    452 ;	 function oled_draw_line
                                    453 ;	-----------------------------------------
      0001D7                        454 _oled_draw_line:
      0001D7 52 0C            [ 2]  455 	sub	sp, #12
      0001D9 6B 0A            [ 1]  456 	ld	(0x0a, sp), a
                                    457 ;	lib/oled.c: 257: dx = (x2 > x1) ? (x2 - x1) : (x1 - x2);
      0001DB 7B 10            [ 1]  458 	ld	a, (0x10, sp)
      0001DD 6B 07            [ 1]  459 	ld	(0x07, sp), a
      0001DF 0F 06            [ 1]  460 	clr	(0x06, sp)
      0001E1 7B 0A            [ 1]  461 	ld	a, (0x0a, sp)
      0001E3 6B 09            [ 1]  462 	ld	(0x09, sp), a
      0001E5 0F 08            [ 1]  463 	clr	(0x08, sp)
      0001E7 7B 10            [ 1]  464 	ld	a, (0x10, sp)
      0001E9 11 0A            [ 1]  465 	cp	a, (0x0a, sp)
      0001EB 23 09            [ 2]  466 	jrule	00113$
      0001ED 1E 06            [ 2]  467 	ldw	x, (0x06, sp)
      0001EF 72 F0 08         [ 2]  468 	subw	x, (0x08, sp)
      0001F2 1F 0B            [ 2]  469 	ldw	(0x0b, sp), x
      0001F4 20 07            [ 2]  470 	jra	00114$
      0001F6                        471 00113$:
      0001F6 1E 08            [ 2]  472 	ldw	x, (0x08, sp)
      0001F8 72 F0 06         [ 2]  473 	subw	x, (0x06, sp)
      0001FB 1F 0B            [ 2]  474 	ldw	(0x0b, sp), x
      0001FD                        475 00114$:
      0001FD 16 0B            [ 2]  476 	ldw	y, (0x0b, sp)
      0001FF 17 01            [ 2]  477 	ldw	(0x01, sp), y
                                    478 ;	lib/oled.c: 258: dy = (y2 > y1) ? (y2 - y1) : (y1 - y2);
      000201 7B 11            [ 1]  479 	ld	a, (0x11, sp)
      000203 6B 07            [ 1]  480 	ld	(0x07, sp), a
      000205 0F 06            [ 1]  481 	clr	(0x06, sp)
      000207 7B 0F            [ 1]  482 	ld	a, (0x0f, sp)
      000209 6B 09            [ 1]  483 	ld	(0x09, sp), a
      00020B 0F 08            [ 1]  484 	clr	(0x08, sp)
      00020D 7B 11            [ 1]  485 	ld	a, (0x11, sp)
      00020F 11 0F            [ 1]  486 	cp	a, (0x0f, sp)
      000211 23 09            [ 2]  487 	jrule	00115$
      000213 1E 06            [ 2]  488 	ldw	x, (0x06, sp)
      000215 72 F0 08         [ 2]  489 	subw	x, (0x08, sp)
      000218 1F 0B            [ 2]  490 	ldw	(0x0b, sp), x
      00021A 20 07            [ 2]  491 	jra	00116$
      00021C                        492 00115$:
      00021C 1E 08            [ 2]  493 	ldw	x, (0x08, sp)
      00021E 72 F0 06         [ 2]  494 	subw	x, (0x06, sp)
      000221 1F 0B            [ 2]  495 	ldw	(0x0b, sp), x
      000223                        496 00116$:
      000223 16 0B            [ 2]  497 	ldw	y, (0x0b, sp)
      000225 17 03            [ 2]  498 	ldw	(0x03, sp), y
                                    499 ;	lib/oled.c: 259: sx = (x1 < x2) ? 1 : -1;
      000227 7B 0A            [ 1]  500 	ld	a, (0x0a, sp)
      000229 11 10            [ 1]  501 	cp	a, (0x10, sp)
      00022B 24 03            [ 1]  502 	jrnc	00117$
      00022D A6 01            [ 1]  503 	ld	a, #0x01
      00022F C5                     504 	.byte 0xc5
      000230                        505 00117$:
      000230 A6 FF            [ 1]  506 	ld	a, #0xff
      000232                        507 00118$:
      000232 6B 05            [ 1]  508 	ld	(0x05, sp), a
                                    509 ;	lib/oled.c: 260: sy = (y1 < y2) ? 1 : -1;
      000234 7B 0F            [ 1]  510 	ld	a, (0x0f, sp)
      000236 11 11            [ 1]  511 	cp	a, (0x11, sp)
      000238 24 03            [ 1]  512 	jrnc	00119$
      00023A A6 01            [ 1]  513 	ld	a, #0x01
      00023C C5                     514 	.byte 0xc5
      00023D                        515 00119$:
      00023D A6 FF            [ 1]  516 	ld	a, #0xff
      00023F                        517 00120$:
      00023F 6B 06            [ 1]  518 	ld	(0x06, sp), a
                                    519 ;	lib/oled.c: 261: err = dx - dy;
      000241 1E 01            [ 2]  520 	ldw	x, (0x01, sp)
      000243 72 F0 03         [ 2]  521 	subw	x, (0x03, sp)
      000246 1F 0B            [ 2]  522 	ldw	(0x0b, sp), x
                                    523 ;	lib/oled.c: 263: while(1) {
      000248 7B 04            [ 1]  524 	ld	a, (0x04, sp)
      00024A 40               [ 1]  525 	neg	a
      00024B 6B 08            [ 1]  526 	ld	(0x08, sp), a
      00024D 4F               [ 1]  527 	clr	a
      00024E 12 03            [ 1]  528 	sbc	a, (0x03, sp)
      000250 6B 07            [ 1]  529 	ld	(0x07, sp), a
      000252                        530 00109$:
                                    531 ;	lib/oled.c: 264: oled_set_pixel(x1, y1, color);
      000252 7B 12            [ 1]  532 	ld	a, (0x12, sp)
      000254 88               [ 1]  533 	push	a
      000255 7B 10            [ 1]  534 	ld	a, (0x10, sp)
      000257 88               [ 1]  535 	push	a
      000258 7B 0C            [ 1]  536 	ld	a, (0x0c, sp)
      00025A CDr01r7F         [ 4]  537 	call	_oled_set_pixel
                                    538 ;	lib/oled.c: 265: if(x1 == x2 && y1 == y2) break;
      00025D 7B 0A            [ 1]  539 	ld	a, (0x0a, sp)
      00025F 11 10            [ 1]  540 	cp	a, (0x10, sp)
      000261 26 06            [ 1]  541 	jrne	00102$
      000263 7B 0F            [ 1]  542 	ld	a, (0x0f, sp)
      000265 11 11            [ 1]  543 	cp	a, (0x11, sp)
      000267 27 2F            [ 1]  544 	jreq	00111$
      000269                        545 00102$:
                                    546 ;	lib/oled.c: 266: e2 = 2 * err;
      000269 1E 0B            [ 2]  547 	ldw	x, (0x0b, sp)
      00026B 58               [ 2]  548 	sllw	x
                                    549 ;	lib/oled.c: 267: if(e2 > -dy) { err -= dy; x1 += sx; }
      00026C 13 07            [ 2]  550 	cpw	x, (0x07, sp)
      00026E 2D 11            [ 1]  551 	jrsle	00105$
      000270 16 0B            [ 2]  552 	ldw	y, (0x0b, sp)
      000272 72 F2 03         [ 2]  553 	subw	y, (0x03, sp)
      000275 17 0B            [ 2]  554 	ldw	(0x0b, sp), y
      000277 7B 05            [ 1]  555 	ld	a, (0x05, sp)
      000279 6B 09            [ 1]  556 	ld	(0x09, sp), a
      00027B 7B 0A            [ 1]  557 	ld	a, (0x0a, sp)
      00027D 1B 09            [ 1]  558 	add	a, (0x09, sp)
      00027F 6B 0A            [ 1]  559 	ld	(0x0a, sp), a
      000281                        560 00105$:
                                    561 ;	lib/oled.c: 268: if(e2 < dx) { err += dx; y1 += sy; }
      000281 13 01            [ 2]  562 	cpw	x, (0x01, sp)
      000283 2E CD            [ 1]  563 	jrsge	00109$
      000285 1E 0B            [ 2]  564 	ldw	x, (0x0b, sp)
      000287 72 FB 01         [ 2]  565 	addw	x, (0x01, sp)
      00028A 1F 0B            [ 2]  566 	ldw	(0x0b, sp), x
      00028C 7B 06            [ 1]  567 	ld	a, (0x06, sp)
      00028E 6B 09            [ 1]  568 	ld	(0x09, sp), a
      000290 7B 0F            [ 1]  569 	ld	a, (0x0f, sp)
      000292 1B 09            [ 1]  570 	add	a, (0x09, sp)
      000294 6B 0F            [ 1]  571 	ld	(0x0f, sp), a
      000296 20 BA            [ 2]  572 	jra	00109$
      000298                        573 00111$:
                                    574 ;	lib/oled.c: 270: }
      000298 1E 0D            [ 2]  575 	ldw	x, (13, sp)
      00029A 5B 12            [ 2]  576 	addw	sp, #18
      00029C FC               [ 2]  577 	jp	(x)
                                    578 ;	lib/oled.c: 272: void oled_draw_rect(unsigned char x, unsigned char y, unsigned char w, unsigned char h, unsigned char color)
                                    579 ;	-----------------------------------------
                                    580 ;	 function oled_draw_rect
                                    581 ;	-----------------------------------------
      00029D                        582 _oled_draw_rect:
      00029D 88               [ 1]  583 	push	a
                                    584 ;	lib/oled.c: 274: oled_draw_line(x, y, x + w - 1, y, color);
      00029E 97               [ 1]  585 	ld	xl, a
      00029F 1B 05            [ 1]  586 	add	a, (0x05, sp)
      0002A1 4A               [ 1]  587 	dec	a
      0002A2 95               [ 1]  588 	ld	xh, a
      0002A3 89               [ 2]  589 	pushw	x
      0002A4 7B 09            [ 1]  590 	ld	a, (0x09, sp)
      0002A6 88               [ 1]  591 	push	a
      0002A7 7B 07            [ 1]  592 	ld	a, (0x07, sp)
      0002A9 88               [ 1]  593 	push	a
      0002AA 9E               [ 1]  594 	ld	a, xh
      0002AB 88               [ 1]  595 	push	a
      0002AC 7B 09            [ 1]  596 	ld	a, (0x09, sp)
      0002AE 88               [ 1]  597 	push	a
      0002AF 9F               [ 1]  598 	ld	a, xl
      0002B0 CDr01rD7         [ 4]  599 	call	_oled_draw_line
      0002B3 85               [ 2]  600 	popw	x
                                    601 ;	lib/oled.c: 275: oled_draw_line(x, y, x, y + h - 1, color);
      0002B4 7B 04            [ 1]  602 	ld	a, (0x04, sp)
      0002B6 1B 06            [ 1]  603 	add	a, (0x06, sp)
      0002B8 4A               [ 1]  604 	dec	a
      0002B9 6B 01            [ 1]  605 	ld	(0x01, sp), a
      0002BB 89               [ 2]  606 	pushw	x
      0002BC 7B 09            [ 1]  607 	ld	a, (0x09, sp)
      0002BE 88               [ 1]  608 	push	a
      0002BF 7B 04            [ 1]  609 	ld	a, (0x04, sp)
      0002C1 88               [ 1]  610 	push	a
      0002C2 9F               [ 1]  611 	ld	a, xl
      0002C3 88               [ 1]  612 	push	a
      0002C4 7B 09            [ 1]  613 	ld	a, (0x09, sp)
      0002C6 88               [ 1]  614 	push	a
      0002C7 9F               [ 1]  615 	ld	a, xl
      0002C8 CDr01rD7         [ 4]  616 	call	_oled_draw_line
      0002CB 85               [ 2]  617 	popw	x
                                    618 ;	lib/oled.c: 276: oled_draw_line(x + w - 1, y, x + w - 1, y + h - 1, color);
      0002CC 89               [ 2]  619 	pushw	x
      0002CD 7B 09            [ 1]  620 	ld	a, (0x09, sp)
      0002CF 88               [ 1]  621 	push	a
      0002D0 7B 04            [ 1]  622 	ld	a, (0x04, sp)
      0002D2 88               [ 1]  623 	push	a
      0002D3 9E               [ 1]  624 	ld	a, xh
      0002D4 88               [ 1]  625 	push	a
      0002D5 7B 09            [ 1]  626 	ld	a, (0x09, sp)
      0002D7 88               [ 1]  627 	push	a
      0002D8 9E               [ 1]  628 	ld	a, xh
      0002D9 CDr01rD7         [ 4]  629 	call	_oled_draw_line
      0002DC 85               [ 2]  630 	popw	x
                                    631 ;	lib/oled.c: 277: oled_draw_line(x, y + h - 1, x + w - 1, y + h - 1, color);
      0002DD 7B 07            [ 1]  632 	ld	a, (0x07, sp)
      0002DF 88               [ 1]  633 	push	a
      0002E0 7B 02            [ 1]  634 	ld	a, (0x02, sp)
      0002E2 88               [ 1]  635 	push	a
      0002E3 9E               [ 1]  636 	ld	a, xh
      0002E4 88               [ 1]  637 	push	a
      0002E5 7B 04            [ 1]  638 	ld	a, (0x04, sp)
      0002E7 88               [ 1]  639 	push	a
      0002E8 9F               [ 1]  640 	ld	a, xl
      0002E9 CDr01rD7         [ 4]  641 	call	_oled_draw_line
                                    642 ;	lib/oled.c: 278: }
      0002EC 1E 02            [ 2]  643 	ldw	x, (2, sp)
      0002EE 5B 07            [ 2]  644 	addw	sp, #7
      0002F0 FC               [ 2]  645 	jp	(x)
                                    646 ;	lib/oled.c: 280: void oled_fill_rect(unsigned char x, unsigned char y, unsigned char w, unsigned char h, unsigned char color)
                                    647 ;	-----------------------------------------
                                    648 ;	 function oled_fill_rect
                                    649 ;	-----------------------------------------
      0002F1                        650 _oled_fill_rect:
      0002F1 52 09            [ 2]  651 	sub	sp, #9
                                    652 ;	lib/oled.c: 283: for(i = x; i < x + w; i++) {
      0002F3 6B 07            [ 1]  653 	ld	(0x07, sp), a
      0002F5 6B 08            [ 1]  654 	ld	(0x08, sp), a
      0002F7                        655 00107$:
      0002F7 7B 07            [ 1]  656 	ld	a, (0x07, sp)
      0002F9 6B 02            [ 1]  657 	ld	(0x02, sp), a
      0002FB 0F 01            [ 1]  658 	clr	(0x01, sp)
      0002FD 7B 0D            [ 1]  659 	ld	a, (0x0d, sp)
      0002FF 6B 04            [ 1]  660 	ld	(0x04, sp), a
      000301 0F 03            [ 1]  661 	clr	(0x03, sp)
      000303 1E 01            [ 2]  662 	ldw	x, (0x01, sp)
      000305 72 FB 03         [ 2]  663 	addw	x, (0x03, sp)
      000308 1F 05            [ 2]  664 	ldw	(0x05, sp), x
      00030A 7B 08            [ 1]  665 	ld	a, (0x08, sp)
      00030C 6B 04            [ 1]  666 	ld	(0x04, sp), a
      00030E 0F 03            [ 1]  667 	clr	(0x03, sp)
      000310 1E 03            [ 2]  668 	ldw	x, (0x03, sp)
      000312 13 05            [ 2]  669 	cpw	x, (0x05, sp)
      000314 2E 2E            [ 1]  670 	jrsge	00109$
                                    671 ;	lib/oled.c: 284: for(j = y; j < y + h; j++) {
      000316 7B 0C            [ 1]  672 	ld	a, (0x0c, sp)
      000318 6B 09            [ 1]  673 	ld	(0x09, sp), a
      00031A                        674 00104$:
      00031A 5F               [ 1]  675 	clrw	x
      00031B 7B 0C            [ 1]  676 	ld	a, (0x0c, sp)
      00031D 97               [ 1]  677 	ld	xl, a
      00031E 7B 0E            [ 1]  678 	ld	a, (0x0e, sp)
      000320 6B 04            [ 1]  679 	ld	(0x04, sp), a
      000322 0F 03            [ 1]  680 	clr	(0x03, sp)
      000324 72 FB 03         [ 2]  681 	addw	x, (0x03, sp)
      000327 1F 05            [ 2]  682 	ldw	(0x05, sp), x
      000329 7B 09            [ 1]  683 	ld	a, (0x09, sp)
      00032B 5F               [ 1]  684 	clrw	x
      00032C 97               [ 1]  685 	ld	xl, a
      00032D 13 05            [ 2]  686 	cpw	x, (0x05, sp)
      00032F 2E 0F            [ 1]  687 	jrsge	00108$
                                    688 ;	lib/oled.c: 285: oled_set_pixel(i, j, color);
      000331 7B 0F            [ 1]  689 	ld	a, (0x0f, sp)
      000333 88               [ 1]  690 	push	a
      000334 7B 0A            [ 1]  691 	ld	a, (0x0a, sp)
      000336 88               [ 1]  692 	push	a
      000337 7B 0A            [ 1]  693 	ld	a, (0x0a, sp)
      000339 CDr01r7F         [ 4]  694 	call	_oled_set_pixel
                                    695 ;	lib/oled.c: 284: for(j = y; j < y + h; j++) {
      00033C 0C 09            [ 1]  696 	inc	(0x09, sp)
      00033E 20 DA            [ 2]  697 	jra	00104$
      000340                        698 00108$:
                                    699 ;	lib/oled.c: 283: for(i = x; i < x + w; i++) {
      000340 0C 08            [ 1]  700 	inc	(0x08, sp)
      000342 20 B3            [ 2]  701 	jra	00107$
      000344                        702 00109$:
                                    703 ;	lib/oled.c: 288: }
      000344 1E 0A            [ 2]  704 	ldw	x, (10, sp)
      000346 5B 0F            [ 2]  705 	addw	sp, #15
      000348 FC               [ 2]  706 	jp	(x)
                                    707 ;	lib/oled.c: 290: void oled_gotoxy(unsigned char x, unsigned char y)
                                    708 ;	-----------------------------------------
                                    709 ;	 function oled_gotoxy
                                    710 ;	-----------------------------------------
      000349                        711 _oled_gotoxy:
                                    712 ;	lib/oled.c: 292: if(x < OLED_WIDTH && y < OLED_HEIGHT) {
      000349 A1 80            [ 1]  713 	cp	a, #0x80
      00034B 24 10            [ 1]  714 	jrnc	00104$
      00034D 88               [ 1]  715 	push	a
      00034E 7B 04            [ 1]  716 	ld	a, (0x04, sp)
      000350 A1 20            [ 1]  717 	cp	a, #0x20
      000352 84               [ 1]  718 	pop	a
      000353 24 08            [ 1]  719 	jrnc	00104$
                                    720 ;	lib/oled.c: 293: oled_cursor_x = x;
      000355 C7u00u00         [ 1]  721 	ld	_oled_cursor_x+0, a
                                    722 ;	lib/oled.c: 294: oled_cursor_y = y;
      000358 7B 03            [ 1]  723 	ld	a, (0x03, sp)
      00035A C7u00u01         [ 1]  724 	ld	_oled_cursor_y+0, a
      00035D                        725 00104$:
                                    726 ;	lib/oled.c: 296: }
      00035D 85               [ 2]  727 	popw	x
      00035E 84               [ 1]  728 	pop	a
      00035F FC               [ 2]  729 	jp	(x)
                                    730 ;	lib/oled.c: 298: void oled_putc(char c)
                                    731 ;	-----------------------------------------
                                    732 ;	 function oled_putc
                                    733 ;	-----------------------------------------
      000360                        734 _oled_putc:
      000360 52 07            [ 2]  735 	sub	sp, #7
                                    736 ;	lib/oled.c: 300: if(c == '\n') {
      000362 A1 0A            [ 1]  737 	cp	a, #0x0a
      000364 26 0E            [ 1]  738 	jrne	00102$
                                    739 ;	lib/oled.c: 301: oled_cursor_x = 0;
      000366 72 5Fu00u00      [ 1]  740 	clr	_oled_cursor_x+0
                                    741 ;	lib/oled.c: 302: oled_cursor_y += 8;
      00036A C6u00u01         [ 1]  742 	ld	a, _oled_cursor_y+0
      00036D AB 08            [ 1]  743 	add	a, #0x08
      00036F C7u00u01         [ 1]  744 	ld	_oled_cursor_y+0, a
                                    745 ;	lib/oled.c: 303: return;
      000372 20 75            [ 2]  746 	jra	00116$
      000374                        747 00102$:
                                    748 ;	lib/oled.c: 306: if(c >= 32 && c <= 127) {
      000374 A1 20            [ 1]  749 	cp	a, #0x20
      000376 25 71            [ 1]  750 	jrc	00116$
      000378 A1 7F            [ 1]  751 	cp	a, #0x7f
      00037A 22 6D            [ 1]  752 	jrugt	00116$
                                    753 ;	lib/oled.c: 308: unsigned char idx = c - 32;
      00037C A0 20            [ 1]  754 	sub	a, #0x20
      00037E 97               [ 1]  755 	ld	xl, a
                                    756 ;	lib/oled.c: 310: for(i = 0; i < 6; i++) {
      00037F A6 06            [ 1]  757 	ld	a, #0x06
      000381 42               [ 4]  758 	mul	x, a
      000382 1Cr00r00         [ 2]  759 	addw	x, #(_font_6x8+0)
      000385 1F 01            [ 2]  760 	ldw	(0x01, sp), x
      000387 0F 06            [ 1]  761 	clr	(0x06, sp)
      000389                        762 00114$:
                                    763 ;	lib/oled.c: 311: unsigned char data = font_6x8[idx][i];
      000389 5F               [ 1]  764 	clrw	x
      00038A 7B 06            [ 1]  765 	ld	a, (0x06, sp)
      00038C 97               [ 1]  766 	ld	xl, a
      00038D 72 FB 01         [ 2]  767 	addw	x, (0x01, sp)
      000390 F6               [ 1]  768 	ld	a, (x)
      000391 6B 03            [ 1]  769 	ld	(0x03, sp), a
                                    770 ;	lib/oled.c: 313: for(j = 0; j < 8; j++) {
      000393 0F 07            [ 1]  771 	clr	(0x07, sp)
      000395                        772 00112$:
                                    773 ;	lib/oled.c: 314: if(data & (1 << j)) {
      000395 5F               [ 1]  774 	clrw	x
      000396 5C               [ 1]  775 	incw	x
      000397 7B 07            [ 1]  776 	ld	a, (0x07, sp)
      000399 27 04            [ 1]  777 	jreq	00189$
      00039B                        778 00188$:
      00039B 58               [ 2]  779 	sllw	x
      00039C 4A               [ 1]  780 	dec	a
      00039D 26 FC            [ 1]  781 	jrne	00188$
      00039F                        782 00189$:
      00039F 7B 03            [ 1]  783 	ld	a, (0x03, sp)
      0003A1 6B 05            [ 1]  784 	ld	(0x05, sp), a
      0003A3 0F 04            [ 1]  785 	clr	(0x04, sp)
      0003A5 9F               [ 1]  786 	ld	a, xl
      0003A6 14 05            [ 1]  787 	and	a, (0x05, sp)
      0003A8 97               [ 1]  788 	ld	xl, a
      0003A9 4F               [ 1]  789 	clr	a
      0003AA 95               [ 1]  790 	ld	xh, a
      0003AB 5D               [ 2]  791 	tnzw	x
      0003AC 27 13            [ 1]  792 	jreq	00113$
                                    793 ;	lib/oled.c: 315: oled_set_pixel(oled_cursor_x + i, oled_cursor_y + j, 1);
      0003AE C6u00u01         [ 1]  794 	ld	a, _oled_cursor_y+0
      0003B1 1B 07            [ 1]  795 	add	a, (0x07, sp)
      0003B3 97               [ 1]  796 	ld	xl, a
      0003B4 C6u00u00         [ 1]  797 	ld	a, _oled_cursor_x+0
      0003B7 1B 06            [ 1]  798 	add	a, (0x06, sp)
      0003B9 4B 01            [ 1]  799 	push	#0x01
      0003BB 89               [ 2]  800 	pushw	x
      0003BC 5B 01            [ 2]  801 	addw	sp, #1
      0003BE CDr01r7F         [ 4]  802 	call	_oled_set_pixel
      0003C1                        803 00113$:
                                    804 ;	lib/oled.c: 313: for(j = 0; j < 8; j++) {
      0003C1 0C 07            [ 1]  805 	inc	(0x07, sp)
      0003C3 7B 07            [ 1]  806 	ld	a, (0x07, sp)
      0003C5 A1 08            [ 1]  807 	cp	a, #0x08
      0003C7 25 CC            [ 1]  808 	jrc	00112$
                                    809 ;	lib/oled.c: 310: for(i = 0; i < 6; i++) {
      0003C9 0C 06            [ 1]  810 	inc	(0x06, sp)
      0003CB 7B 06            [ 1]  811 	ld	a, (0x06, sp)
      0003CD A1 06            [ 1]  812 	cp	a, #0x06
      0003CF 25 B8            [ 1]  813 	jrc	00114$
                                    814 ;	lib/oled.c: 319: oled_cursor_x += 6;
      0003D1 C6u00u00         [ 1]  815 	ld	a, _oled_cursor_x+0
      0003D4 AB 06            [ 1]  816 	add	a, #0x06
                                    817 ;	lib/oled.c: 321: if(oled_cursor_x > OLED_WIDTH - 6) {
      0003D6 C7u00u00         [ 1]  818 	ld	_oled_cursor_x+0, a
      0003D9 A1 7A            [ 1]  819 	cp	a, #0x7a
      0003DB 23 0C            [ 2]  820 	jrule	00116$
                                    821 ;	lib/oled.c: 322: oled_cursor_x = 0;
      0003DD 72 5Fu00u00      [ 1]  822 	clr	_oled_cursor_x+0
                                    823 ;	lib/oled.c: 323: oled_cursor_y += 8;
      0003E1 C6u00u01         [ 1]  824 	ld	a, _oled_cursor_y+0
      0003E4 AB 08            [ 1]  825 	add	a, #0x08
      0003E6 C7u00u01         [ 1]  826 	ld	_oled_cursor_y+0, a
      0003E9                        827 00116$:
                                    828 ;	lib/oled.c: 326: }
      0003E9 5B 07            [ 2]  829 	addw	sp, #7
      0003EB 81               [ 4]  830 	ret
                                    831 ;	lib/oled.c: 328: void oled_puts(const char* str)
                                    832 ;	-----------------------------------------
                                    833 ;	 function oled_puts
                                    834 ;	-----------------------------------------
      0003EC                        835 _oled_puts:
                                    836 ;	lib/oled.c: 330: while(*str) {
      0003EC                        837 00101$:
      0003EC F6               [ 1]  838 	ld	a, (x)
      0003ED 26 03            [ 1]  839 	jrne	00121$
      0003EF CCr01r7C         [ 2]  840 	jp	_oled_update
      0003F2                        841 00121$:
                                    842 ;	lib/oled.c: 331: oled_putc(*str++);
      0003F2 5C               [ 1]  843 	incw	x
      0003F3 89               [ 2]  844 	pushw	x
      0003F4 CDr03r60         [ 4]  845 	call	_oled_putc
      0003F7 85               [ 2]  846 	popw	x
                                    847 ;	lib/oled.c: 333: oled_update();
                                    848 ;	lib/oled.c: 334: }
      0003F8 20 F2            [ 2]  849 	jra	00101$
                                    850 ;	lib/oled.c: 336: void oled_puts_at(unsigned char x, unsigned char y, const char* str)
                                    851 ;	-----------------------------------------
                                    852 ;	 function oled_puts_at
                                    853 ;	-----------------------------------------
      0003FA                        854 _oled_puts_at:
      0003FA 97               [ 1]  855 	ld	xl, a
                                    856 ;	lib/oled.c: 338: oled_gotoxy(x, y);
      0003FB 7B 03            [ 1]  857 	ld	a, (0x03, sp)
      0003FD 88               [ 1]  858 	push	a
      0003FE 9F               [ 1]  859 	ld	a, xl
      0003FF CDr03r49         [ 4]  860 	call	_oled_gotoxy
                                    861 ;	lib/oled.c: 339: oled_puts(str);
      000402 1E 04            [ 2]  862 	ldw	x, (0x04, sp)
      000404 16 01            [ 2]  863 	ldw	y, (1, sp)
      000406 17 04            [ 2]  864 	ldw	(4, sp), y
      000408 5B 03            [ 2]  865 	addw	sp, #3
                                    866 ;	lib/oled.c: 340: }
      00040A CCr03rEC         [ 2]  867 	jp	_oled_puts
                                    868 ;	lib/oled.c: 342: void oled_set_font(unsigned char font_size)
                                    869 ;	-----------------------------------------
                                    870 ;	 function oled_set_font
                                    871 ;	-----------------------------------------
      00040D                        872 _oled_set_font:
      00040D C7u00u02         [ 1]  873 	ld	_oled_current_font+0, a
                                    874 ;	lib/oled.c: 344: oled_current_font = font_size;
                                    875 ;	lib/oled.c: 345: }
      000410 81               [ 4]  876 	ret
                                    877 ;	lib/oled.c: 347: void oled_set_contrast(unsigned char contrast)
                                    878 ;	-----------------------------------------
                                    879 ;	 function oled_set_contrast
                                    880 ;	-----------------------------------------
      000411                        881 _oled_set_contrast:
                                    882 ;	lib/oled.c: 349: oled_write_cmd(0x81);
      000411 88               [ 1]  883 	push	a
      000412 A6 81            [ 1]  884 	ld	a, #0x81
      000414 CDr00r00         [ 4]  885 	call	_oled_write_cmd
      000417 84               [ 1]  886 	pop	a
                                    887 ;	lib/oled.c: 350: oled_write_cmd(contrast);
                                    888 ;	lib/oled.c: 351: }
      000418 CCr00r00         [ 2]  889 	jp	_oled_write_cmd
                                    890 ;	lib/oled.c: 353: void oled_invert(void)
                                    891 ;	-----------------------------------------
                                    892 ;	 function oled_invert
                                    893 ;	-----------------------------------------
      00041B                        894 _oled_invert:
                                    895 ;	lib/oled.c: 355: oled_write_cmd(0xA7);  // Invert display
      00041B A6 A7            [ 1]  896 	ld	a, #0xa7
                                    897 ;	lib/oled.c: 356: }
      00041D CCr00r00         [ 2]  898 	jp	_oled_write_cmd
                                    899 ;	lib/oled.c: 358: void oled_normal(void)
                                    900 ;	-----------------------------------------
                                    901 ;	 function oled_normal
                                    902 ;	-----------------------------------------
      000420                        903 _oled_normal:
                                    904 ;	lib/oled.c: 360: oled_write_cmd(0xA6);  // Normal display
      000420 A6 A6            [ 1]  905 	ld	a, #0xa6
                                    906 ;	lib/oled.c: 361: }
      000422 CCr00r00         [ 2]  907 	jp	_oled_write_cmd
                                    908 ;	lib/oled.c: 363: void oled_scroll_left(unsigned char pages, unsigned char speed)
                                    909 ;	-----------------------------------------
                                    910 ;	 function oled_scroll_left
                                    911 ;	-----------------------------------------
      000425                        912 _oled_scroll_left:
      000425 52 07            [ 2]  913 	sub	sp, #7
                                    914 ;	lib/oled.c: 365: if(pages > 7) pages = 7;
      000427 97               [ 1]  915 	ld	xl, a
      000428 A1 07            [ 1]  916 	cp	a, #0x07
      00042A 23 03            [ 2]  917 	jrule	00102$
      00042C A6 07            [ 1]  918 	ld	a, #0x07
      00042E 97               [ 1]  919 	ld	xl, a
      00042F                        920 00102$:
                                    921 ;	lib/oled.c: 366: if(speed > 7) speed = 7;
      00042F 7B 0A            [ 1]  922 	ld	a, (0x0a, sp)
      000431 A1 07            [ 1]  923 	cp	a, #0x07
      000433 23 04            [ 2]  924 	jrule	00104$
      000435 A6 07            [ 1]  925 	ld	a, #0x07
      000437 6B 0A            [ 1]  926 	ld	(0x0a, sp), a
      000439                        927 00104$:
                                    928 ;	lib/oled.c: 368: unsigned char cmd[] = {
      000439 A6 26            [ 1]  929 	ld	a, #0x26
      00043B 6B 01            [ 1]  930 	ld	(0x01, sp), a
      00043D 0F 02            [ 1]  931 	clr	(0x02, sp)
      00043F 0F 03            [ 1]  932 	clr	(0x03, sp)
      000441 7B 0A            [ 1]  933 	ld	a, (0x0a, sp)
      000443 6B 04            [ 1]  934 	ld	(0x04, sp), a
      000445 9F               [ 1]  935 	ld	a, xl
      000446 4A               [ 1]  936 	dec	a
      000447 6B 05            [ 1]  937 	ld	(0x05, sp), a
      000449 0F 06            [ 1]  938 	clr	(0x06, sp)
      00044B A6 FF            [ 1]  939 	ld	a, #0xff
      00044D 6B 07            [ 1]  940 	ld	(0x07, sp), a
                                    941 ;	lib/oled.c: 377: oled_write_cmd_multi(cmd, 7);
      00044F A6 07            [ 1]  942 	ld	a, #0x07
      000451 96               [ 1]  943 	ldw	x, sp
      000452 5C               [ 1]  944 	incw	x
      000453 CDr00r1A         [ 4]  945 	call	_oled_write_cmd_multi
                                    946 ;	lib/oled.c: 378: oled_write_cmd(0x2F);   // Activate scroll
      000456 A6 2F            [ 1]  947 	ld	a, #0x2f
      000458 CDr00r00         [ 4]  948 	call	_oled_write_cmd
                                    949 ;	lib/oled.c: 379: }
      00045B 5B 07            [ 2]  950 	addw	sp, #7
      00045D 85               [ 2]  951 	popw	x
      00045E 84               [ 1]  952 	pop	a
      00045F FC               [ 2]  953 	jp	(x)
                                    954 ;	lib/oled.c: 381: void oled_scroll_right(unsigned char pages, unsigned char speed)
                                    955 ;	-----------------------------------------
                                    956 ;	 function oled_scroll_right
                                    957 ;	-----------------------------------------
      000460                        958 _oled_scroll_right:
      000460 52 07            [ 2]  959 	sub	sp, #7
                                    960 ;	lib/oled.c: 383: if(pages > 7) pages = 7;
      000462 97               [ 1]  961 	ld	xl, a
      000463 A1 07            [ 1]  962 	cp	a, #0x07
      000465 23 03            [ 2]  963 	jrule	00102$
      000467 A6 07            [ 1]  964 	ld	a, #0x07
      000469 97               [ 1]  965 	ld	xl, a
      00046A                        966 00102$:
                                    967 ;	lib/oled.c: 384: if(speed > 7) speed = 7;
      00046A 7B 0A            [ 1]  968 	ld	a, (0x0a, sp)
      00046C A1 07            [ 1]  969 	cp	a, #0x07
      00046E 23 04            [ 2]  970 	jrule	00104$
      000470 A6 07            [ 1]  971 	ld	a, #0x07
      000472 6B 0A            [ 1]  972 	ld	(0x0a, sp), a
      000474                        973 00104$:
                                    974 ;	lib/oled.c: 386: unsigned char cmd[] = {
      000474 A6 27            [ 1]  975 	ld	a, #0x27
      000476 6B 01            [ 1]  976 	ld	(0x01, sp), a
      000478 0F 02            [ 1]  977 	clr	(0x02, sp)
      00047A 0F 03            [ 1]  978 	clr	(0x03, sp)
      00047C 7B 0A            [ 1]  979 	ld	a, (0x0a, sp)
      00047E 6B 04            [ 1]  980 	ld	(0x04, sp), a
      000480 9F               [ 1]  981 	ld	a, xl
      000481 4A               [ 1]  982 	dec	a
      000482 6B 05            [ 1]  983 	ld	(0x05, sp), a
      000484 0F 06            [ 1]  984 	clr	(0x06, sp)
      000486 A6 FF            [ 1]  985 	ld	a, #0xff
      000488 6B 07            [ 1]  986 	ld	(0x07, sp), a
                                    987 ;	lib/oled.c: 395: oled_write_cmd_multi(cmd, 7);
      00048A A6 07            [ 1]  988 	ld	a, #0x07
      00048C 96               [ 1]  989 	ldw	x, sp
      00048D 5C               [ 1]  990 	incw	x
      00048E CDr00r1A         [ 4]  991 	call	_oled_write_cmd_multi
                                    992 ;	lib/oled.c: 396: oled_write_cmd(0x2F);   // Activate scroll
      000491 A6 2F            [ 1]  993 	ld	a, #0x2f
      000493 CDr00r00         [ 4]  994 	call	_oled_write_cmd
                                    995 ;	lib/oled.c: 397: }
      000496 5B 07            [ 2]  996 	addw	sp, #7
      000498 85               [ 2]  997 	popw	x
      000499 84               [ 1]  998 	pop	a
      00049A FC               [ 2]  999 	jp	(x)
                                   1000 ;	lib/oled.c: 399: void oled_scroll_stop(void)
                                   1001 ;	-----------------------------------------
                                   1002 ;	 function oled_scroll_stop
                                   1003 ;	-----------------------------------------
      00049B                       1004 _oled_scroll_stop:
                                   1005 ;	lib/oled.c: 401: oled_write_cmd(0x2E);   // Deactivate scroll
      00049B A6 2E            [ 1] 1006 	ld	a, #0x2e
                                   1007 ;	lib/oled.c: 402: }
      00049D CCr00r00         [ 2] 1008 	jp	_oled_write_cmd
                                   1009 ;	lib/oled.c: 404: void oled_print_number(unsigned int num)
                                   1010 ;	-----------------------------------------
                                   1011 ;	 function oled_print_number
                                   1012 ;	-----------------------------------------
      0004A0                       1013 _oled_print_number:
      0004A0 52 09            [ 2] 1014 	sub	sp, #9
                                   1015 ;	lib/oled.c: 409: if(num == 0) {
      0004A2 1F 07            [ 2] 1016 	ldw	(0x07, sp), x
      0004A4 26 07            [ 1] 1017 	jrne	00113$
                                   1018 ;	lib/oled.c: 410: oled_putc('0');
      0004A6 A6 30            [ 1] 1019 	ld	a, #0x30
      0004A8 CDr03r60         [ 4] 1020 	call	_oled_putc
                                   1021 ;	lib/oled.c: 411: return;
      0004AB 20 49            [ 2] 1022 	jra	00109$
                                   1023 ;	lib/oled.c: 414: while(num > 0) {
      0004AD                       1024 00113$:
      0004AD 4F               [ 1] 1025 	clr	a
      0004AE                       1026 00103$:
      0004AE 1E 07            [ 2] 1027 	ldw	x, (0x07, sp)
      0004B0 27 28            [ 1] 1028 	jreq	00115$
                                   1029 ;	lib/oled.c: 415: buffer[i++] = (num % 10) + '0';
      0004B2 96               [ 1] 1030 	ldw	x, sp
      0004B3 5C               [ 1] 1031 	incw	x
      0004B4 89               [ 2] 1032 	pushw	x
      0004B5 5F               [ 1] 1033 	clrw	x
      0004B6 97               [ 1] 1034 	ld	xl, a
      0004B7 72 FB 01         [ 2] 1035 	addw	x, (1, sp)
      0004BA 5B 02            [ 2] 1036 	addw	sp, #2
      0004BC 4C               [ 1] 1037 	inc	a
      0004BD 89               [ 2] 1038 	pushw	x
      0004BE 1E 09            [ 2] 1039 	ldw	x, (0x09, sp)
      0004C0 90 AE 00 0A      [ 2] 1040 	ldw	y, #0x000a
      0004C4 65               [ 2] 1041 	divw	x, y
      0004C5 85               [ 2] 1042 	popw	x
      0004C6 72 A9 00 30      [ 2] 1043 	addw	y, #48
      0004CA 88               [ 1] 1044 	push	a
      0004CB 90 9F            [ 1] 1045 	ld	a, yl
      0004CD F7               [ 1] 1046 	ld	(x), a
      0004CE 84               [ 1] 1047 	pop	a
                                   1048 ;	lib/oled.c: 416: num /= 10;
      0004CF 1E 07            [ 2] 1049 	ldw	x, (0x07, sp)
      0004D1 90 AE 00 0A      [ 2] 1050 	ldw	y, #0x000a
      0004D5 65               [ 2] 1051 	divw	x, y
      0004D6 1F 07            [ 2] 1052 	ldw	(0x07, sp), x
      0004D8 20 D4            [ 2] 1053 	jra	00103$
                                   1054 ;	lib/oled.c: 419: while(i > 0) {
      0004DA                       1055 00115$:
      0004DA 6B 09            [ 1] 1056 	ld	(0x09, sp), a
      0004DC                       1057 00106$:
      0004DC 0D 09            [ 1] 1058 	tnz	(0x09, sp)
      0004DE 27 16            [ 1] 1059 	jreq	00109$
                                   1060 ;	lib/oled.c: 420: oled_putc(buffer[--i]);
      0004E0 0A 09            [ 1] 1061 	dec	(0x09, sp)
      0004E2 5F               [ 1] 1062 	clrw	x
      0004E3 7B 09            [ 1] 1063 	ld	a, (0x09, sp)
      0004E5 97               [ 1] 1064 	ld	xl, a
      0004E6 89               [ 2] 1065 	pushw	x
      0004E7 96               [ 1] 1066 	ldw	x, sp
      0004E8 1C 00 03         [ 2] 1067 	addw	x, #3
      0004EB 72 FB 01         [ 2] 1068 	addw	x, (1, sp)
      0004EE 5B 02            [ 2] 1069 	addw	sp, #2
      0004F0 F6               [ 1] 1070 	ld	a, (x)
      0004F1 CDr03r60         [ 4] 1071 	call	_oled_putc
      0004F4 20 E6            [ 2] 1072 	jra	00106$
      0004F6                       1073 00109$:
                                   1074 ;	lib/oled.c: 422: }
      0004F6 5B 09            [ 2] 1075 	addw	sp, #9
      0004F8 81               [ 4] 1076 	ret
                                   1077 ;	lib/oled.c: 424: void oled_print_hex(unsigned char num)
                                   1078 ;	-----------------------------------------
                                   1079 ;	 function oled_print_hex
                                   1080 ;	-----------------------------------------
      0004F9                       1081 _oled_print_hex:
      0004F9 88               [ 1] 1082 	push	a
                                   1083 ;	lib/oled.c: 426: unsigned char high = (num >> 4) & 0x0F;
      0004FA 97               [ 1] 1084 	ld	xl, a
      0004FB 4E               [ 1] 1085 	swap	a
      0004FC A4 0F            [ 1] 1086 	and	a, #15
                                   1087 ;	lib/oled.c: 427: unsigned char low = num & 0x0F;
      0004FE 88               [ 1] 1088 	push	a
      0004FF 9F               [ 1] 1089 	ld	a, xl
      000500 A4 0F            [ 1] 1090 	and	a, #0x0f
      000502 6B 02            [ 1] 1091 	ld	(0x02, sp), a
      000504 84               [ 1] 1092 	pop	a
                                   1093 ;	lib/oled.c: 429: oled_putc(high < 10 ? high + '0' : high - 10 + 'A');
      000505 97               [ 1] 1094 	ld	xl, a
      000506 A1 0A            [ 1] 1095 	cp	a, #0x0a
      000508 24 05            [ 1] 1096 	jrnc	00103$
      00050A 9F               [ 1] 1097 	ld	a, xl
      00050B AB 30            [ 1] 1098 	add	a, #0x30
      00050D 20 03            [ 2] 1099 	jra	00104$
      00050F                       1100 00103$:
      00050F 9F               [ 1] 1101 	ld	a, xl
      000510 AB 37            [ 1] 1102 	add	a, #0x37
      000512                       1103 00104$:
      000512 CDr03r60         [ 4] 1104 	call	_oled_putc
                                   1105 ;	lib/oled.c: 430: oled_putc(low < 10 ? low + '0' : low - 10 + 'A');
      000515 7B 01            [ 1] 1106 	ld	a, (0x01, sp)
      000517 88               [ 1] 1107 	push	a
      000518 7B 02            [ 1] 1108 	ld	a, (0x02, sp)
      00051A A1 0A            [ 1] 1109 	cp	a, #0x0a
      00051C 84               [ 1] 1110 	pop	a
      00051D 24 04            [ 1] 1111 	jrnc	00105$
      00051F AB 30            [ 1] 1112 	add	a, #0x30
      000521 20 02            [ 2] 1113 	jra	00106$
      000523                       1114 00105$:
      000523 AB 37            [ 1] 1115 	add	a, #0x37
      000525                       1116 00106$:
      000525 5B 01            [ 2] 1117 	addw	sp, #1
      000527 CCr03r60         [ 2] 1118 	jp	_oled_putc
                                   1119 ;	lib/oled.c: 431: }
      00052A 84               [ 1] 1120 	pop	a
      00052B 81               [ 4] 1121 	ret
                                   1122 	.area CODE
                                   1123 	.area CONST
                                   1124 	.area CONST
      000000                       1125 _font_6x8:
      000000 00                    1126 	.db #0x00	; 0
      000001 00                    1127 	.db #0x00	; 0
      000002 00                    1128 	.db #0x00	; 0
      000003 00                    1129 	.db #0x00	; 0
      000004 00                    1130 	.db #0x00	; 0
      000005 00                    1131 	.db #0x00	; 0
      000006 00                    1132 	.db #0x00	; 0
      000007 00                    1133 	.db #0x00	; 0
      000008 00                    1134 	.db #0x00	; 0
      000009 2F                    1135 	.db #0x2f	; 47
      00000A 00                    1136 	.db #0x00	; 0
      00000B 00                    1137 	.db #0x00	; 0
      00000C 00                    1138 	.db #0x00	; 0
      00000D 00                    1139 	.db #0x00	; 0
      00000E 07                    1140 	.db #0x07	; 7
      00000F 00                    1141 	.db #0x00	; 0
      000010 07                    1142 	.db #0x07	; 7
      000011 00                    1143 	.db #0x00	; 0
      000012 00                    1144 	.db #0x00	; 0
      000013 14                    1145 	.db #0x14	; 20
      000014 7F                    1146 	.db #0x7f	; 127
      000015 14                    1147 	.db #0x14	; 20
      000016 7F                    1148 	.db #0x7f	; 127
      000017 14                    1149 	.db #0x14	; 20
      000018 00                    1150 	.db #0x00	; 0
      000019 24                    1151 	.db #0x24	; 36
      00001A 2A                    1152 	.db #0x2a	; 42
      00001B 7F                    1153 	.db #0x7f	; 127
      00001C 2A                    1154 	.db #0x2a	; 42
      00001D 12                    1155 	.db #0x12	; 18
      00001E 00                    1156 	.db #0x00	; 0
      00001F 23                    1157 	.db #0x23	; 35
      000020 13                    1158 	.db #0x13	; 19
      000021 08                    1159 	.db #0x08	; 8
      000022 64                    1160 	.db #0x64	; 100	'd'
      000023 62                    1161 	.db #0x62	; 98	'b'
      000024 00                    1162 	.db #0x00	; 0
      000025 36                    1163 	.db #0x36	; 54	'6'
      000026 49                    1164 	.db #0x49	; 73	'I'
      000027 55                    1165 	.db #0x55	; 85	'U'
      000028 22                    1166 	.db #0x22	; 34
      000029 50                    1167 	.db #0x50	; 80	'P'
      00002A 00                    1168 	.db #0x00	; 0
      00002B 00                    1169 	.db #0x00	; 0
      00002C 05                    1170 	.db #0x05	; 5
      00002D 03                    1171 	.db #0x03	; 3
      00002E 00                    1172 	.db #0x00	; 0
      00002F 00                    1173 	.db #0x00	; 0
      000030 00                    1174 	.db #0x00	; 0
      000031 00                    1175 	.db #0x00	; 0
      000032 1C                    1176 	.db #0x1c	; 28
      000033 22                    1177 	.db #0x22	; 34
      000034 41                    1178 	.db #0x41	; 65	'A'
      000035 00                    1179 	.db #0x00	; 0
      000036 00                    1180 	.db #0x00	; 0
      000037 00                    1181 	.db #0x00	; 0
      000038 41                    1182 	.db #0x41	; 65	'A'
      000039 22                    1183 	.db #0x22	; 34
      00003A 1C                    1184 	.db #0x1c	; 28
      00003B 00                    1185 	.db #0x00	; 0
      00003C 00                    1186 	.db #0x00	; 0
      00003D 14                    1187 	.db #0x14	; 20
      00003E 08                    1188 	.db #0x08	; 8
      00003F 3E                    1189 	.db #0x3e	; 62
      000040 08                    1190 	.db #0x08	; 8
      000041 14                    1191 	.db #0x14	; 20
      000042 00                    1192 	.db #0x00	; 0
      000043 08                    1193 	.db #0x08	; 8
      000044 08                    1194 	.db #0x08	; 8
      000045 3E                    1195 	.db #0x3e	; 62
      000046 08                    1196 	.db #0x08	; 8
      000047 08                    1197 	.db #0x08	; 8
      000048 00                    1198 	.db #0x00	; 0
      000049 00                    1199 	.db #0x00	; 0
      00004A 00                    1200 	.db #0x00	; 0
      00004B 50                    1201 	.db #0x50	; 80	'P'
      00004C 30                    1202 	.db #0x30	; 48	'0'
      00004D 00                    1203 	.db #0x00	; 0
      00004E 00                    1204 	.db #0x00	; 0
      00004F 08                    1205 	.db #0x08	; 8
      000050 08                    1206 	.db #0x08	; 8
      000051 08                    1207 	.db #0x08	; 8
      000052 08                    1208 	.db #0x08	; 8
      000053 08                    1209 	.db #0x08	; 8
      000054 00                    1210 	.db #0x00	; 0
      000055 00                    1211 	.db #0x00	; 0
      000056 60                    1212 	.db #0x60	; 96
      000057 60                    1213 	.db #0x60	; 96
      000058 00                    1214 	.db #0x00	; 0
      000059 00                    1215 	.db #0x00	; 0
      00005A 00                    1216 	.db #0x00	; 0
      00005B 20                    1217 	.db #0x20	; 32
      00005C 10                    1218 	.db #0x10	; 16
      00005D 08                    1219 	.db #0x08	; 8
      00005E 04                    1220 	.db #0x04	; 4
      00005F 02                    1221 	.db #0x02	; 2
      000060 00                    1222 	.db #0x00	; 0
      000061 3E                    1223 	.db #0x3e	; 62
      000062 51                    1224 	.db #0x51	; 81	'Q'
      000063 49                    1225 	.db #0x49	; 73	'I'
      000064 45                    1226 	.db #0x45	; 69	'E'
      000065 3E                    1227 	.db #0x3e	; 62
      000066 00                    1228 	.db #0x00	; 0
      000067 00                    1229 	.db #0x00	; 0
      000068 42                    1230 	.db #0x42	; 66	'B'
      000069 7F                    1231 	.db #0x7f	; 127
      00006A 40                    1232 	.db #0x40	; 64
      00006B 00                    1233 	.db #0x00	; 0
      00006C 00                    1234 	.db #0x00	; 0
      00006D 42                    1235 	.db #0x42	; 66	'B'
      00006E 61                    1236 	.db #0x61	; 97	'a'
      00006F 51                    1237 	.db #0x51	; 81	'Q'
      000070 49                    1238 	.db #0x49	; 73	'I'
      000071 46                    1239 	.db #0x46	; 70	'F'
      000072 00                    1240 	.db #0x00	; 0
      000073 21                    1241 	.db #0x21	; 33
      000074 41                    1242 	.db #0x41	; 65	'A'
      000075 45                    1243 	.db #0x45	; 69	'E'
      000076 4B                    1244 	.db #0x4b	; 75	'K'
      000077 31                    1245 	.db #0x31	; 49	'1'
      000078 00                    1246 	.db #0x00	; 0
      000079 18                    1247 	.db #0x18	; 24
      00007A 14                    1248 	.db #0x14	; 20
      00007B 12                    1249 	.db #0x12	; 18
      00007C 7F                    1250 	.db #0x7f	; 127
      00007D 10                    1251 	.db #0x10	; 16
      00007E 00                    1252 	.db #0x00	; 0
      00007F 27                    1253 	.db #0x27	; 39
      000080 45                    1254 	.db #0x45	; 69	'E'
      000081 45                    1255 	.db #0x45	; 69	'E'
      000082 45                    1256 	.db #0x45	; 69	'E'
      000083 39                    1257 	.db #0x39	; 57	'9'
      000084 00                    1258 	.db #0x00	; 0
      000085 3C                    1259 	.db #0x3c	; 60
      000086 4A                    1260 	.db #0x4a	; 74	'J'
      000087 49                    1261 	.db #0x49	; 73	'I'
      000088 49                    1262 	.db #0x49	; 73	'I'
      000089 30                    1263 	.db #0x30	; 48	'0'
      00008A 00                    1264 	.db #0x00	; 0
      00008B 01                    1265 	.db #0x01	; 1
      00008C 71                    1266 	.db #0x71	; 113	'q'
      00008D 09                    1267 	.db #0x09	; 9
      00008E 05                    1268 	.db #0x05	; 5
      00008F 03                    1269 	.db #0x03	; 3
      000090 00                    1270 	.db #0x00	; 0
      000091 36                    1271 	.db #0x36	; 54	'6'
      000092 49                    1272 	.db #0x49	; 73	'I'
      000093 49                    1273 	.db #0x49	; 73	'I'
      000094 49                    1274 	.db #0x49	; 73	'I'
      000095 36                    1275 	.db #0x36	; 54	'6'
      000096 00                    1276 	.db #0x00	; 0
      000097 06                    1277 	.db #0x06	; 6
      000098 49                    1278 	.db #0x49	; 73	'I'
      000099 49                    1279 	.db #0x49	; 73	'I'
      00009A 29                    1280 	.db #0x29	; 41
      00009B 1E                    1281 	.db #0x1e	; 30
      00009C 00                    1282 	.db #0x00	; 0
      00009D 00                    1283 	.db #0x00	; 0
      00009E 36                    1284 	.db #0x36	; 54	'6'
      00009F 36                    1285 	.db #0x36	; 54	'6'
      0000A0 00                    1286 	.db #0x00	; 0
      0000A1 00                    1287 	.db #0x00	; 0
      0000A2 00                    1288 	.db #0x00	; 0
      0000A3 00                    1289 	.db #0x00	; 0
      0000A4 56                    1290 	.db #0x56	; 86	'V'
      0000A5 36                    1291 	.db #0x36	; 54	'6'
      0000A6 00                    1292 	.db #0x00	; 0
      0000A7 00                    1293 	.db #0x00	; 0
      0000A8 00                    1294 	.db #0x00	; 0
      0000A9 08                    1295 	.db #0x08	; 8
      0000AA 14                    1296 	.db #0x14	; 20
      0000AB 22                    1297 	.db #0x22	; 34
      0000AC 41                    1298 	.db #0x41	; 65	'A'
      0000AD 00                    1299 	.db #0x00	; 0
      0000AE 00                    1300 	.db #0x00	; 0
      0000AF 14                    1301 	.db #0x14	; 20
      0000B0 14                    1302 	.db #0x14	; 20
      0000B1 14                    1303 	.db #0x14	; 20
      0000B2 14                    1304 	.db #0x14	; 20
      0000B3 14                    1305 	.db #0x14	; 20
      0000B4 00                    1306 	.db #0x00	; 0
      0000B5 00                    1307 	.db #0x00	; 0
      0000B6 41                    1308 	.db #0x41	; 65	'A'
      0000B7 22                    1309 	.db #0x22	; 34
      0000B8 14                    1310 	.db #0x14	; 20
      0000B9 08                    1311 	.db #0x08	; 8
      0000BA 00                    1312 	.db #0x00	; 0
      0000BB 02                    1313 	.db #0x02	; 2
      0000BC 01                    1314 	.db #0x01	; 1
      0000BD 51                    1315 	.db #0x51	; 81	'Q'
      0000BE 09                    1316 	.db #0x09	; 9
      0000BF 06                    1317 	.db #0x06	; 6
      0000C0 00                    1318 	.db #0x00	; 0
      0000C1 32                    1319 	.db #0x32	; 50	'2'
      0000C2 49                    1320 	.db #0x49	; 73	'I'
      0000C3 79                    1321 	.db #0x79	; 121	'y'
      0000C4 41                    1322 	.db #0x41	; 65	'A'
      0000C5 3E                    1323 	.db #0x3e	; 62
      0000C6 00                    1324 	.db #0x00	; 0
      0000C7 7E                    1325 	.db #0x7e	; 126
      0000C8 11                    1326 	.db #0x11	; 17
      0000C9 11                    1327 	.db #0x11	; 17
      0000CA 11                    1328 	.db #0x11	; 17
      0000CB 7E                    1329 	.db #0x7e	; 126
      0000CC 00                    1330 	.db #0x00	; 0
      0000CD 7F                    1331 	.db #0x7f	; 127
      0000CE 49                    1332 	.db #0x49	; 73	'I'
      0000CF 49                    1333 	.db #0x49	; 73	'I'
      0000D0 49                    1334 	.db #0x49	; 73	'I'
      0000D1 36                    1335 	.db #0x36	; 54	'6'
      0000D2 00                    1336 	.db #0x00	; 0
      0000D3 3E                    1337 	.db #0x3e	; 62
      0000D4 41                    1338 	.db #0x41	; 65	'A'
      0000D5 41                    1339 	.db #0x41	; 65	'A'
      0000D6 41                    1340 	.db #0x41	; 65	'A'
      0000D7 22                    1341 	.db #0x22	; 34
      0000D8 00                    1342 	.db #0x00	; 0
      0000D9 7F                    1343 	.db #0x7f	; 127
      0000DA 41                    1344 	.db #0x41	; 65	'A'
      0000DB 41                    1345 	.db #0x41	; 65	'A'
      0000DC 22                    1346 	.db #0x22	; 34
      0000DD 1C                    1347 	.db #0x1c	; 28
      0000DE 00                    1348 	.db #0x00	; 0
      0000DF 7F                    1349 	.db #0x7f	; 127
      0000E0 49                    1350 	.db #0x49	; 73	'I'
      0000E1 49                    1351 	.db #0x49	; 73	'I'
      0000E2 49                    1352 	.db #0x49	; 73	'I'
      0000E3 41                    1353 	.db #0x41	; 65	'A'
      0000E4 00                    1354 	.db #0x00	; 0
      0000E5 7F                    1355 	.db #0x7f	; 127
      0000E6 09                    1356 	.db #0x09	; 9
      0000E7 09                    1357 	.db #0x09	; 9
      0000E8 09                    1358 	.db #0x09	; 9
      0000E9 01                    1359 	.db #0x01	; 1
      0000EA 00                    1360 	.db #0x00	; 0
      0000EB 3E                    1361 	.db #0x3e	; 62
      0000EC 41                    1362 	.db #0x41	; 65	'A'
      0000ED 49                    1363 	.db #0x49	; 73	'I'
      0000EE 49                    1364 	.db #0x49	; 73	'I'
      0000EF 7A                    1365 	.db #0x7a	; 122	'z'
      0000F0 00                    1366 	.db #0x00	; 0
      0000F1 7F                    1367 	.db #0x7f	; 127
      0000F2 08                    1368 	.db #0x08	; 8
      0000F3 08                    1369 	.db #0x08	; 8
      0000F4 08                    1370 	.db #0x08	; 8
      0000F5 7F                    1371 	.db #0x7f	; 127
      0000F6 00                    1372 	.db #0x00	; 0
      0000F7 00                    1373 	.db #0x00	; 0
      0000F8 41                    1374 	.db #0x41	; 65	'A'
      0000F9 7F                    1375 	.db #0x7f	; 127
      0000FA 41                    1376 	.db #0x41	; 65	'A'
      0000FB 00                    1377 	.db #0x00	; 0
      0000FC 00                    1378 	.db #0x00	; 0
      0000FD 20                    1379 	.db #0x20	; 32
      0000FE 40                    1380 	.db #0x40	; 64
      0000FF 41                    1381 	.db #0x41	; 65	'A'
      000100 3F                    1382 	.db #0x3f	; 63
      000101 01                    1383 	.db #0x01	; 1
      000102 00                    1384 	.db #0x00	; 0
      000103 7F                    1385 	.db #0x7f	; 127
      000104 08                    1386 	.db #0x08	; 8
      000105 14                    1387 	.db #0x14	; 20
      000106 22                    1388 	.db #0x22	; 34
      000107 41                    1389 	.db #0x41	; 65	'A'
      000108 00                    1390 	.db #0x00	; 0
      000109 7F                    1391 	.db #0x7f	; 127
      00010A 40                    1392 	.db #0x40	; 64
      00010B 40                    1393 	.db #0x40	; 64
      00010C 40                    1394 	.db #0x40	; 64
      00010D 40                    1395 	.db #0x40	; 64
      00010E 00                    1396 	.db #0x00	; 0
      00010F 7F                    1397 	.db #0x7f	; 127
      000110 02                    1398 	.db #0x02	; 2
      000111 0C                    1399 	.db #0x0c	; 12
      000112 02                    1400 	.db #0x02	; 2
      000113 7F                    1401 	.db #0x7f	; 127
      000114 00                    1402 	.db #0x00	; 0
      000115 7F                    1403 	.db #0x7f	; 127
      000116 04                    1404 	.db #0x04	; 4
      000117 08                    1405 	.db #0x08	; 8
      000118 10                    1406 	.db #0x10	; 16
      000119 7F                    1407 	.db #0x7f	; 127
      00011A 00                    1408 	.db #0x00	; 0
      00011B 3E                    1409 	.db #0x3e	; 62
      00011C 41                    1410 	.db #0x41	; 65	'A'
      00011D 41                    1411 	.db #0x41	; 65	'A'
      00011E 41                    1412 	.db #0x41	; 65	'A'
      00011F 3E                    1413 	.db #0x3e	; 62
      000120 00                    1414 	.db #0x00	; 0
      000121 7F                    1415 	.db #0x7f	; 127
      000122 09                    1416 	.db #0x09	; 9
      000123 09                    1417 	.db #0x09	; 9
      000124 09                    1418 	.db #0x09	; 9
      000125 06                    1419 	.db #0x06	; 6
      000126 00                    1420 	.db #0x00	; 0
      000127 3E                    1421 	.db #0x3e	; 62
      000128 41                    1422 	.db #0x41	; 65	'A'
      000129 51                    1423 	.db #0x51	; 81	'Q'
      00012A 21                    1424 	.db #0x21	; 33
      00012B 5E                    1425 	.db #0x5e	; 94
      00012C 00                    1426 	.db #0x00	; 0
      00012D 7F                    1427 	.db #0x7f	; 127
      00012E 09                    1428 	.db #0x09	; 9
      00012F 19                    1429 	.db #0x19	; 25
      000130 29                    1430 	.db #0x29	; 41
      000131 46                    1431 	.db #0x46	; 70	'F'
      000132 00                    1432 	.db #0x00	; 0
      000133 46                    1433 	.db #0x46	; 70	'F'
      000134 49                    1434 	.db #0x49	; 73	'I'
      000135 49                    1435 	.db #0x49	; 73	'I'
      000136 49                    1436 	.db #0x49	; 73	'I'
      000137 31                    1437 	.db #0x31	; 49	'1'
      000138 00                    1438 	.db #0x00	; 0
      000139 01                    1439 	.db #0x01	; 1
      00013A 01                    1440 	.db #0x01	; 1
      00013B 7F                    1441 	.db #0x7f	; 127
      00013C 01                    1442 	.db #0x01	; 1
      00013D 01                    1443 	.db #0x01	; 1
      00013E 00                    1444 	.db #0x00	; 0
      00013F 3F                    1445 	.db #0x3f	; 63
      000140 40                    1446 	.db #0x40	; 64
      000141 40                    1447 	.db #0x40	; 64
      000142 40                    1448 	.db #0x40	; 64
      000143 3F                    1449 	.db #0x3f	; 63
      000144 00                    1450 	.db #0x00	; 0
      000145 1F                    1451 	.db #0x1f	; 31
      000146 20                    1452 	.db #0x20	; 32
      000147 40                    1453 	.db #0x40	; 64
      000148 20                    1454 	.db #0x20	; 32
      000149 1F                    1455 	.db #0x1f	; 31
      00014A 00                    1456 	.db #0x00	; 0
      00014B 3F                    1457 	.db #0x3f	; 63
      00014C 40                    1458 	.db #0x40	; 64
      00014D 38                    1459 	.db #0x38	; 56	'8'
      00014E 40                    1460 	.db #0x40	; 64
      00014F 3F                    1461 	.db #0x3f	; 63
      000150 00                    1462 	.db #0x00	; 0
      000151 63                    1463 	.db #0x63	; 99	'c'
      000152 14                    1464 	.db #0x14	; 20
      000153 08                    1465 	.db #0x08	; 8
      000154 14                    1466 	.db #0x14	; 20
      000155 63                    1467 	.db #0x63	; 99	'c'
      000156 00                    1468 	.db #0x00	; 0
      000157 07                    1469 	.db #0x07	; 7
      000158 08                    1470 	.db #0x08	; 8
      000159 70                    1471 	.db #0x70	; 112	'p'
      00015A 08                    1472 	.db #0x08	; 8
      00015B 07                    1473 	.db #0x07	; 7
      00015C 00                    1474 	.db #0x00	; 0
      00015D 61                    1475 	.db #0x61	; 97	'a'
      00015E 51                    1476 	.db #0x51	; 81	'Q'
      00015F 49                    1477 	.db #0x49	; 73	'I'
      000160 45                    1478 	.db #0x45	; 69	'E'
      000161 43                    1479 	.db #0x43	; 67	'C'
      000162 00                    1480 	.db #0x00	; 0
      000163 00                    1481 	.db #0x00	; 0
      000164 7F                    1482 	.db #0x7f	; 127
      000165 41                    1483 	.db #0x41	; 65	'A'
      000166 41                    1484 	.db #0x41	; 65	'A'
      000167 00                    1485 	.db #0x00	; 0
      000168 00                    1486 	.db #0x00	; 0
      000169 02                    1487 	.db #0x02	; 2
      00016A 04                    1488 	.db #0x04	; 4
      00016B 08                    1489 	.db #0x08	; 8
      00016C 10                    1490 	.db #0x10	; 16
      00016D 20                    1491 	.db #0x20	; 32
      00016E 00                    1492 	.db #0x00	; 0
      00016F 00                    1493 	.db #0x00	; 0
      000170 41                    1494 	.db #0x41	; 65	'A'
      000171 41                    1495 	.db #0x41	; 65	'A'
      000172 7F                    1496 	.db #0x7f	; 127
      000173 00                    1497 	.db #0x00	; 0
      000174 00                    1498 	.db #0x00	; 0
      000175 04                    1499 	.db #0x04	; 4
      000176 02                    1500 	.db #0x02	; 2
      000177 01                    1501 	.db #0x01	; 1
      000178 02                    1502 	.db #0x02	; 2
      000179 04                    1503 	.db #0x04	; 4
      00017A 00                    1504 	.db #0x00	; 0
      00017B 40                    1505 	.db #0x40	; 64
      00017C 40                    1506 	.db #0x40	; 64
      00017D 40                    1507 	.db #0x40	; 64
      00017E 40                    1508 	.db #0x40	; 64
      00017F 40                    1509 	.db #0x40	; 64
      000180 00                    1510 	.db #0x00	; 0
      000181 00                    1511 	.db #0x00	; 0
      000182 01                    1512 	.db #0x01	; 1
      000183 02                    1513 	.db #0x02	; 2
      000184 04                    1514 	.db #0x04	; 4
      000185 00                    1515 	.db #0x00	; 0
      000186 00                    1516 	.db #0x00	; 0
      000187 20                    1517 	.db #0x20	; 32
      000188 54                    1518 	.db #0x54	; 84	'T'
      000189 54                    1519 	.db #0x54	; 84	'T'
      00018A 54                    1520 	.db #0x54	; 84	'T'
      00018B 78                    1521 	.db #0x78	; 120	'x'
      00018C 00                    1522 	.db #0x00	; 0
      00018D 7F                    1523 	.db #0x7f	; 127
      00018E 48                    1524 	.db #0x48	; 72	'H'
      00018F 44                    1525 	.db #0x44	; 68	'D'
      000190 44                    1526 	.db #0x44	; 68	'D'
      000191 38                    1527 	.db #0x38	; 56	'8'
      000192 00                    1528 	.db #0x00	; 0
      000193 38                    1529 	.db #0x38	; 56	'8'
      000194 44                    1530 	.db #0x44	; 68	'D'
      000195 44                    1531 	.db #0x44	; 68	'D'
      000196 44                    1532 	.db #0x44	; 68	'D'
      000197 20                    1533 	.db #0x20	; 32
      000198 00                    1534 	.db #0x00	; 0
      000199 38                    1535 	.db #0x38	; 56	'8'
      00019A 44                    1536 	.db #0x44	; 68	'D'
      00019B 44                    1537 	.db #0x44	; 68	'D'
      00019C 48                    1538 	.db #0x48	; 72	'H'
      00019D 7F                    1539 	.db #0x7f	; 127
      00019E 00                    1540 	.db #0x00	; 0
      00019F 38                    1541 	.db #0x38	; 56	'8'
      0001A0 54                    1542 	.db #0x54	; 84	'T'
      0001A1 54                    1543 	.db #0x54	; 84	'T'
      0001A2 54                    1544 	.db #0x54	; 84	'T'
      0001A3 18                    1545 	.db #0x18	; 24
      0001A4 00                    1546 	.db #0x00	; 0
      0001A5 08                    1547 	.db #0x08	; 8
      0001A6 7E                    1548 	.db #0x7e	; 126
      0001A7 09                    1549 	.db #0x09	; 9
      0001A8 01                    1550 	.db #0x01	; 1
      0001A9 02                    1551 	.db #0x02	; 2
      0001AA 00                    1552 	.db #0x00	; 0
      0001AB 0C                    1553 	.db #0x0c	; 12
      0001AC 52                    1554 	.db #0x52	; 82	'R'
      0001AD 52                    1555 	.db #0x52	; 82	'R'
      0001AE 52                    1556 	.db #0x52	; 82	'R'
      0001AF 3E                    1557 	.db #0x3e	; 62
      0001B0 00                    1558 	.db #0x00	; 0
      0001B1 7F                    1559 	.db #0x7f	; 127
      0001B2 08                    1560 	.db #0x08	; 8
      0001B3 04                    1561 	.db #0x04	; 4
      0001B4 04                    1562 	.db #0x04	; 4
      0001B5 78                    1563 	.db #0x78	; 120	'x'
      0001B6 00                    1564 	.db #0x00	; 0
      0001B7 00                    1565 	.db #0x00	; 0
      0001B8 44                    1566 	.db #0x44	; 68	'D'
      0001B9 7D                    1567 	.db #0x7d	; 125
      0001BA 40                    1568 	.db #0x40	; 64
      0001BB 00                    1569 	.db #0x00	; 0
      0001BC 00                    1570 	.db #0x00	; 0
      0001BD 20                    1571 	.db #0x20	; 32
      0001BE 40                    1572 	.db #0x40	; 64
      0001BF 44                    1573 	.db #0x44	; 68	'D'
      0001C0 3D                    1574 	.db #0x3d	; 61
      0001C1 00                    1575 	.db #0x00	; 0
      0001C2 00                    1576 	.db #0x00	; 0
      0001C3 7F                    1577 	.db #0x7f	; 127
      0001C4 10                    1578 	.db #0x10	; 16
      0001C5 28                    1579 	.db #0x28	; 40
      0001C6 44                    1580 	.db #0x44	; 68	'D'
      0001C7 00                    1581 	.db #0x00	; 0
      0001C8 00                    1582 	.db #0x00	; 0
      0001C9 00                    1583 	.db #0x00	; 0
      0001CA 41                    1584 	.db #0x41	; 65	'A'
      0001CB 7F                    1585 	.db #0x7f	; 127
      0001CC 40                    1586 	.db #0x40	; 64
      0001CD 00                    1587 	.db #0x00	; 0
      0001CE 00                    1588 	.db #0x00	; 0
      0001CF 7C                    1589 	.db #0x7c	; 124
      0001D0 04                    1590 	.db #0x04	; 4
      0001D1 18                    1591 	.db #0x18	; 24
      0001D2 04                    1592 	.db #0x04	; 4
      0001D3 78                    1593 	.db #0x78	; 120	'x'
      0001D4 00                    1594 	.db #0x00	; 0
      0001D5 7C                    1595 	.db #0x7c	; 124
      0001D6 08                    1596 	.db #0x08	; 8
      0001D7 04                    1597 	.db #0x04	; 4
      0001D8 04                    1598 	.db #0x04	; 4
      0001D9 78                    1599 	.db #0x78	; 120	'x'
      0001DA 00                    1600 	.db #0x00	; 0
      0001DB 38                    1601 	.db #0x38	; 56	'8'
      0001DC 44                    1602 	.db #0x44	; 68	'D'
      0001DD 44                    1603 	.db #0x44	; 68	'D'
      0001DE 44                    1604 	.db #0x44	; 68	'D'
      0001DF 38                    1605 	.db #0x38	; 56	'8'
      0001E0 00                    1606 	.db #0x00	; 0
      0001E1 7C                    1607 	.db #0x7c	; 124
      0001E2 14                    1608 	.db #0x14	; 20
      0001E3 14                    1609 	.db #0x14	; 20
      0001E4 14                    1610 	.db #0x14	; 20
      0001E5 08                    1611 	.db #0x08	; 8
      0001E6 00                    1612 	.db #0x00	; 0
      0001E7 08                    1613 	.db #0x08	; 8
      0001E8 14                    1614 	.db #0x14	; 20
      0001E9 14                    1615 	.db #0x14	; 20
      0001EA 18                    1616 	.db #0x18	; 24
      0001EB 7C                    1617 	.db #0x7c	; 124
      0001EC 00                    1618 	.db #0x00	; 0
      0001ED 7C                    1619 	.db #0x7c	; 124
      0001EE 08                    1620 	.db #0x08	; 8
      0001EF 04                    1621 	.db #0x04	; 4
      0001F0 04                    1622 	.db #0x04	; 4
      0001F1 08                    1623 	.db #0x08	; 8
      0001F2 00                    1624 	.db #0x00	; 0
      0001F3 48                    1625 	.db #0x48	; 72	'H'
      0001F4 54                    1626 	.db #0x54	; 84	'T'
      0001F5 54                    1627 	.db #0x54	; 84	'T'
      0001F6 54                    1628 	.db #0x54	; 84	'T'
      0001F7 20                    1629 	.db #0x20	; 32
      0001F8 00                    1630 	.db #0x00	; 0
      0001F9 04                    1631 	.db #0x04	; 4
      0001FA 3F                    1632 	.db #0x3f	; 63
      0001FB 44                    1633 	.db #0x44	; 68	'D'
      0001FC 40                    1634 	.db #0x40	; 64
      0001FD 20                    1635 	.db #0x20	; 32
      0001FE 00                    1636 	.db #0x00	; 0
      0001FF 3C                    1637 	.db #0x3c	; 60
      000200 40                    1638 	.db #0x40	; 64
      000201 40                    1639 	.db #0x40	; 64
      000202 20                    1640 	.db #0x20	; 32
      000203 7C                    1641 	.db #0x7c	; 124
      000204 00                    1642 	.db #0x00	; 0
      000205 1C                    1643 	.db #0x1c	; 28
      000206 20                    1644 	.db #0x20	; 32
      000207 40                    1645 	.db #0x40	; 64
      000208 20                    1646 	.db #0x20	; 32
      000209 1C                    1647 	.db #0x1c	; 28
      00020A 00                    1648 	.db #0x00	; 0
      00020B 3C                    1649 	.db #0x3c	; 60
      00020C 40                    1650 	.db #0x40	; 64
      00020D 30                    1651 	.db #0x30	; 48	'0'
      00020E 40                    1652 	.db #0x40	; 64
      00020F 3C                    1653 	.db #0x3c	; 60
      000210 00                    1654 	.db #0x00	; 0
      000211 44                    1655 	.db #0x44	; 68	'D'
      000212 28                    1656 	.db #0x28	; 40
      000213 10                    1657 	.db #0x10	; 16
      000214 28                    1658 	.db #0x28	; 40
      000215 44                    1659 	.db #0x44	; 68	'D'
      000216 00                    1660 	.db #0x00	; 0
      000217 0C                    1661 	.db #0x0c	; 12
      000218 50                    1662 	.db #0x50	; 80	'P'
      000219 50                    1663 	.db #0x50	; 80	'P'
      00021A 50                    1664 	.db #0x50	; 80	'P'
      00021B 3C                    1665 	.db #0x3c	; 60
      00021C 00                    1666 	.db #0x00	; 0
      00021D 44                    1667 	.db #0x44	; 68	'D'
      00021E 64                    1668 	.db #0x64	; 100	'd'
      00021F 54                    1669 	.db #0x54	; 84	'T'
      000220 4C                    1670 	.db #0x4c	; 76	'L'
      000221 44                    1671 	.db #0x44	; 68	'D'
      000222 00                    1672 	.db #0x00	; 0
      000223 00                    1673 	.db #0x00	; 0
      000224 08                    1674 	.db #0x08	; 8
      000225 36                    1675 	.db #0x36	; 54	'6'
      000226 41                    1676 	.db #0x41	; 65	'A'
      000227 00                    1677 	.db #0x00	; 0
      000228 00                    1678 	.db #0x00	; 0
      000229 00                    1679 	.db #0x00	; 0
      00022A 00                    1680 	.db #0x00	; 0
      00022B 7F                    1681 	.db #0x7f	; 127
      00022C 00                    1682 	.db #0x00	; 0
      00022D 00                    1683 	.db #0x00	; 0
      00022E 00                    1684 	.db #0x00	; 0
      00022F 00                    1685 	.db #0x00	; 0
      000230 41                    1686 	.db #0x41	; 65	'A'
      000231 36                    1687 	.db #0x36	; 54	'6'
      000232 08                    1688 	.db #0x08	; 8
      000233 00                    1689 	.db #0x00	; 0
      000234 00                    1690 	.db #0x00	; 0
      000235 08                    1691 	.db #0x08	; 8
      000236 08                    1692 	.db #0x08	; 8
      000237 2A                    1693 	.db #0x2a	; 42
      000238 1C                    1694 	.db #0x1c	; 28
      000239 08                    1695 	.db #0x08	; 8
      00023A 00                    1696 	.db 0x00
      00023B 00                    1697 	.db 0x00
      00023C 00                    1698 	.db 0x00
      00023D 00                    1699 	.db 0x00
      00023E 00                    1700 	.db 0x00
      00023F 00                    1701 	.db 0x00
                                   1702 	.area CODE
                                   1703 	.area INITIALIZER
      000000                       1704 __xinit__oled_cursor_x:
      000000 00                    1705 	.db #0x00	; 0
      000001                       1706 __xinit__oled_cursor_y:
      000001 00                    1707 	.db #0x00	; 0
      000002                       1708 __xinit__oled_current_font:
      000002 01                    1709 	.db #0x01	; 1
                                   1710 	.area CABS (ABS)
